<?xml version="1.0" encoding="UTF-8" ?>

<schema name="example" version="1.5">
  <field name="_version_" type="long" indexed="true" stored="true"/>
  <field name="_root_" type="string" indexed="true" stored="false"/>

  <!-- Campos dos documentos da coleção -->
  <!-- identificador único de um documento -->
  <field name="id" type="string" indexed="true" stored="true" required="true" multiValued="false" /> 

  <field name="ano" type="text_general" indexed="true" stored="true"/>
  <field name="issn" type="text_general" indexed="true" stored="true"/>
  <field name="titulo_serie" type="text_general" indexed="true" stored="true"/>
  <field name="editora" type="text_general" indexed="true" stored="true"/>
  <field name="autor" type="text_general" indexed="true" stored="true" />
  <field name="titulo" type="text_general" indexed="true" stored="true" multiValued="true"/>
  <field name="url" type="text_general" indexed="true" stored="true" multiValued="true"/>
  <field name="DATE" type="text_general" indexed="true" stored="true"/>
  <field name="TOPICS" type="text_general" indexed="true" stored="true" multiValued="true"/>
  <field name="PLACES" type="text_general" indexed="true" stored="true" multiValued="true"/>
  <field name="ORGS" type="text_general" indexed="true" stored="true" multiValued="true"/>
  <field name="PEOPLE" type="text_general" indexed="true" stored="true" multiValued="true"/>
  <field name="EXCHANGES" type="text_general" indexed="true" stored="true" multiValued="true"/>
  <field name="content" type="text_general" indexed="false" stored="true" multiValued="true"/>

  <!-- Campo utilizado para agrupar todos os demais campos -->
  <field name="text" type="text_general" indexed="true" stored="false" multiValued="true"/>

  <!-- texto reverso. ideal para wildcards -->
  <field name="text_rev" type="text_general_rev" indexed="true" stored="false" multiValued="true"/>

  <dynamicField name="*_i"  type="int"    indexed="true"  stored="true"/>
  <dynamicField name="*_is" type="int"    indexed="true"  stored="true"  multiValued="true"/>
  <dynamicField name="*_s"  type="string"  indexed="true"  stored="true" />
  <dynamicField name="*_ss" type="string"  indexed="true"  stored="true" multiValued="true"/>
  <dynamicField name="*_l"  type="long"   indexed="true"  stored="true"/>
  <dynamicField name="*_ls" type="long"   indexed="true"  stored="true"  multiValued="true"/>
  <dynamicField name="*_t"  type="text_general"    indexed="true"  stored="true"/>
  <dynamicField name="*_txt" type="text_general"   indexed="true"  stored="true" multiValued="true"/>
  <dynamicField name="*_en"  type="text_en"    indexed="true"  stored="true" multiValued="true"/>
  <dynamicField name="*_b"  type="boolean" indexed="true" stored="true"/>
  <dynamicField name="*_bs" type="boolean" indexed="true" stored="true"  multiValued="true"/>
  <dynamicField name="*_f"  type="float"  indexed="true"  stored="true"/>
  <dynamicField name="*_fs" type="float"  indexed="true"  stored="true"  multiValued="true"/>
  <dynamicField name="*_d"  type="double" indexed="true"  stored="true"/>
  <dynamicField name="*_ds" type="double" indexed="true"  stored="true"  multiValued="true"/>
  <dynamicField name="*_coordinate"  type="tdouble" indexed="true"  stored="false" />
  <dynamicField name="*_dt"  type="date"    indexed="true"  stored="true"/>
  <dynamicField name="*_dts" type="date"    indexed="true"  stored="true" multiValued="true"/>
  <dynamicField name="*_p"  type="location" indexed="true" stored="true"/>
  <dynamicField name="*_ti" type="tint"    indexed="true"  stored="true"/>
  <dynamicField name="*_tl" type="tlong"   indexed="true"  stored="true"/>
  <dynamicField name="*_tf" type="tfloat"  indexed="true"  stored="true"/>
  <dynamicField name="*_td" type="tdouble" indexed="true"  stored="true"/>
  <dynamicField name="*_tdt" type="tdate"  indexed="true"  stored="true"/>
  <dynamicField name="*_c"   type="currency" indexed="true"  stored="true"/>
  <dynamicField name="ignored_*" type="ignored" multiValued="true"/>
  <dynamicField name="attr_*" type="text_general" indexed="true" stored="true" multiValued="true"/>
  <dynamicField name="random_*" type="random" />

  <!-- Todos os documentos precisam ter um identificador único -->
  <uniqueKey>id</uniqueKey>

  <!-- Copiar todos os campos para o campo text. Facilita a busca em alguns momentos -->
  <copyField source="ano" dest="text"/>
  <copyField source="issn" dest="text"/>
  <copyField source="content" dest="text"/>
  <copyField source="titulo_serie" dest="text"/>
  <copyField source="editora" dest="text"/>
  <copyField source="autor" dest="text"/>
  <copyField source="titulo" dest="text"/>
  <copyField source="DATE" dest="text"/>
  <copyField source="TOPICS" dest="text"/>
  <copyField source="PLACES" dest="text"/>
  <copyField source="ORGS" dest="text"/>
  <copyField source="PEOPLE" dest="text"/>
  <copyField source="EXCHANGES" dest="text"/>
	
  <fieldType name="string" class="solr.StrField" sortMissingLast="true" />
  <fieldType name="boolean" class="solr.BoolField" sortMissingLast="true"/>
  <fieldType name="int" class="solr.TrieIntField" precisionStep="0" positionIncrementGap="0"/>
  <fieldType name="float" class="solr.TrieFloatField" precisionStep="0" positionIncrementGap="0"/>
  <fieldType name="long" class="solr.TrieLongField" precisionStep="0" positionIncrementGap="0"/>
  <fieldType name="double" class="solr.TrieDoubleField" precisionStep="0" positionIncrementGap="0"/>
  <fieldType name="tint" class="solr.TrieIntField" precisionStep="8" positionIncrementGap="0"/>
  <fieldType name="tfloat" class="solr.TrieFloatField" precisionStep="8" positionIncrementGap="0"/>
  <fieldType name="tlong" class="solr.TrieLongField" precisionStep="8" positionIncrementGap="0"/>
  <fieldType name="tdouble" class="solr.TrieDoubleField" precisionStep="8" positionIncrementGap="0"/>
  <fieldType name="date" class="solr.TrieDateField" precisionStep="0" positionIncrementGap="0"/>
  <fieldType name="tdate" class="solr.TrieDateField" precisionStep="6" positionIncrementGap="0"/>
  <fieldType name="binary" class="solr.BinaryField"/>
  <fieldType name="random" class="solr.RandomSortField" indexed="true" />
  <fieldType name="text_ws" class="solr.TextField" positionIncrementGap="100">
    <analyzer>
      <tokenizer class="solr.WhitespaceTokenizerFactory"/>
    </analyzer>
  </fieldType>
  <fieldType name="managed_en" class="solr.TextField" positionIncrementGap="100">
    <analyzer>
      <tokenizer class="solr.StandardTokenizerFactory"/>
      <filter class="solr.ManagedStopFilterFactory" managed="english" />
      <filter class="solr.ManagedSynonymFilterFactory" managed="english" />
    </analyzer>
  </fieldType>

  <!-- Campos do tipo text_general levam em consideraçao o arquivo de stopwords e sinônimos -->
  <fieldType name="text_general" class="solr.TextField" positionIncrementGap="100">
    <analyzer type="index">
      <tokenizer class="solr.StandardTokenizerFactory"/>
      <filter class="solr.StopFilterFactory" ignoreCase="true" words="stopwords.txt" />
      <filter class="solr.LowerCaseFilterFactory"/>
    </analyzer>
    <analyzer type="query">
      <tokenizer class="solr.StandardTokenizerFactory"/>
      <filter class="solr.StopFilterFactory" ignoreCase="true" words="stopwords.txt" />
      <filter class="solr.SynonymFilterFactory" synonyms="synonyms.txt" ignoreCase="true" expand="true"/>
      <filter class="solr.LowerCaseFilterFactory"/>
    </analyzer>
  </fieldType>

  <!-- Campos do tipo texto em inglês utilizam stopwords em inglês -->
  <fieldType name="text_en" class="solr.TextField" positionIncrementGap="100">
    <analyzer type="index">
      <tokenizer class="solr.StandardTokenizerFactory"/>
      <filter class="solr.StopFilterFactory"
              ignoreCase="true"
              words="lang/stopwords_en.txt"/>
      <filter class="solr.LowerCaseFilterFactory"/>
      <filter class="solr.EnglishPossessiveFilterFactory"/>
      <filter class="solr.KeywordMarkerFilterFactory" protected="protwords.txt"/>
      <filter class="solr.PorterStemFilterFactory"/>
    </analyzer>
    <analyzer type="query">
      <tokenizer class="solr.StandardTokenizerFactory"/>
      <filter class="solr.SynonymFilterFactory" synonyms="synonyms.txt" ignoreCase="true" expand="true"/>
      <filter class="solr.StopFilterFactory"
              ignoreCase="true"
              words="lang/stopwords_en.txt" />
      <filter class="solr.LowerCaseFilterFactory"/>
      <filter class="solr.EnglishPossessiveFilterFactory"/>
      <filter class="solr.KeywordMarkerFilterFactory" protected="protwords.txt"/>
      <filter class="solr.PorterStemFilterFactory"/>
    </analyzer>
  </fieldType>

  <fieldType name="text_en_splitting" class="solr.TextField" positionIncrementGap="100" autoGeneratePhraseQueries="true">
    <analyzer type="index">
      <tokenizer class="solr.WhitespaceTokenizerFactory"/>
      <filter class="solr.StopFilterFactory"
              ignoreCase="true"
              words="lang/stopwords_en.txt"/>
      <filter class="solr.WordDelimiterFilterFactory" generateWordParts="1" generateNumberParts="1" catenateWords="1" catenateNumbers="1" catenateAll="0" splitOnCaseChange="1"/>
      <filter class="solr.LowerCaseFilterFactory"/>
      <filter class="solr.KeywordMarkerFilterFactory" protected="protwords.txt"/>
      <filter class="solr.PorterStemFilterFactory"/>
    </analyzer>
    <analyzer type="query">
      <tokenizer class="solr.WhitespaceTokenizerFactory"/>
      <filter class="solr.SynonymFilterFactory" synonyms="synonyms.txt" ignoreCase="true" expand="true"/>
      <filter class="solr.StopFilterFactory"
              ignoreCase="true"
              words="lang/stopwords_en.txt"/>
      <filter class="solr.WordDelimiterFilterFactory" generateWordParts="1" generateNumberParts="1" catenateWords="0" catenateNumbers="0" catenateAll="0" splitOnCaseChange="1"/>
      <filter class="solr.LowerCaseFilterFactory"/>
      <filter class="solr.KeywordMarkerFilterFactory" protected="protwords.txt"/>
      <filter class="solr.PorterStemFilterFactory"/>
    </analyzer>
  </fieldType>
  <fieldType name="text_en_splitting_tight" class="solr.TextField" positionIncrementGap="100" autoGeneratePhraseQueries="true">
    <analyzer>
      <tokenizer class="solr.WhitespaceTokenizerFactory"/>
      <filter class="solr.SynonymFilterFactory" synonyms="synonyms.txt" ignoreCase="true" expand="false"/>
      <filter class="solr.StopFilterFactory" ignoreCase="true" words="lang/stopwords_en.txt"/>
      <filter class="solr.WordDelimiterFilterFactory" generateWordParts="0" generateNumberParts="0" catenateWords="1" catenateNumbers="1" catenateAll="0"/>
      <filter class="solr.LowerCaseFilterFactory"/>
      <filter class="solr.KeywordMarkerFilterFactory" protected="protwords.txt"/>
      <filter class="solr.EnglishMinimalStemFilterFactory"/>
      <filter class="solr.RemoveDuplicatesTokenFilterFactory"/>
    </analyzer>
  </fieldType>
  <fieldType name="text_general_rev" class="solr.TextField" positionIncrementGap="100">
    <analyzer type="index">
      <tokenizer class="solr.StandardTokenizerFactory"/>
      <filter class="solr.StopFilterFactory" ignoreCase="true" words="stopwords.txt" />
      <filter class="solr.LowerCaseFilterFactory"/>
      <filter class="solr.ReversedWildcardFilterFactory" withOriginal="true"
         maxPosAsterisk="3" maxPosQuestion="2" maxFractionAsterisk="0.33"/>
    </analyzer>
    <analyzer type="query">
      <tokenizer class="solr.StandardTokenizerFactory"/>
      <filter class="solr.SynonymFilterFactory" synonyms="synonyms.txt" ignoreCase="true" expand="true"/>
      <filter class="solr.StopFilterFactory" ignoreCase="true" words="stopwords.txt" />
      <filter class="solr.LowerCaseFilterFactory"/>
    </analyzer>
  </fieldType>

  <fieldType name="alphaOnlySort" class="solr.TextField" sortMissingLast="true" omitNorms="true">
    <analyzer>
      <tokenizer class="solr.KeywordTokenizerFactory"/>
      <filter class="solr.LowerCaseFilterFactory" />
      <filter class="solr.TrimFilterFactory" />
      <filter class="solr.PatternReplaceFilterFactory"
              pattern="([^a-z])" replacement="" replace="all"/>
    </analyzer>
  </fieldType>
  <fieldType name="phonetic" stored="false" indexed="true" class="solr.TextField" >
    <analyzer>
      <tokenizer class="solr.StandardTokenizerFactory"/>
      <filter class="solr.DoubleMetaphoneFilterFactory" inject="false"/>
    </analyzer>
  </fieldType>

  <fieldType name="payloads" stored="false" indexed="true" class="solr.TextField" >
    <analyzer>
      <tokenizer class="solr.WhitespaceTokenizerFactory"/>
      <filter class="solr.DelimitedPayloadTokenFilterFactory" encoder="float"/>
    </analyzer>
  </fieldType>
  <fieldType name="lowercase" class="solr.TextField" positionIncrementGap="100">
    <analyzer>
      <tokenizer class="solr.KeywordTokenizerFactory"/>
      <filter class="solr.LowerCaseFilterFactory" />
    </analyzer>
  </fieldType>
  <fieldType name="descendent_path" class="solr.TextField">
    <analyzer type="index">
     <tokenizer class="solr.PathHierarchyTokenizerFactory" delimiter="/" />
    </analyzer>
    <analyzer type="query">
     <tokenizer class="solr.KeywordTokenizerFactory" />
    </analyzer>
  </fieldType>
  <fieldType name="ancestor_path" class="solr.TextField">
    <analyzer type="index">
     <tokenizer class="solr.KeywordTokenizerFactory" />
    </analyzer>
    <analyzer type="query">
     <tokenizer class="solr.PathHierarchyTokenizerFactory" delimiter="/" />
    </analyzer>
  </fieldType>
  <fieldType name="ignored" stored="false" indexed="false" multiValued="true" class="solr.StrField" />
  <fieldType name="point" class="solr.PointType" dimension="2" subFieldSuffix="_d"/>
  <fieldType name="location" class="solr.LatLonType" subFieldSuffix="_coordinate"/>
  <fieldType name="location_rpt" class="solr.SpatialRecursivePrefixTreeFieldType"
      geo="true" distErrPct="0.025" maxDistErr="0.001" distanceUnits="kilometers" />
  <fieldType name="bbox" class="solr.BBoxField"
             geo="true" distanceUnits="kilometers" numberType="_bbox_coord" />
  <fieldType name="_bbox_coord" class="solr.TrieDoubleField" precisionStep="8" docValues="true" stored="false"/>
  <fieldType name="currency" class="solr.CurrencyField" precisionStep="8" defaultCurrency="USD" currencyConfig="currency.xml" />
           
  <!-- Arabic -->
  <fieldType name="text_ar" class="solr.TextField" positionIncrementGap="100">
    <analyzer> 
      <tokenizer class="solr.StandardTokenizerFactory"/>
      <!-- for any non-arabic -->
      <filter class="solr.LowerCaseFilterFactory"/>
      <filter class="solr.StopFilterFactory" ignoreCase="true" words="lang/stopwords_ar.txt" />
      <!-- normalizes ﻯ to ﻱ, etc -->
      <filter class="solr.ArabicNormalizationFilterFactory"/>
      <filter class="solr.ArabicStemFilterFactory"/>
    </analyzer>
  </fieldType>

  <!-- Bulgarian -->
  <fieldType name="text_bg" class="solr.TextField" positionIncrementGap="100">
    <analyzer> 
      <tokenizer class="solr.StandardTokenizerFactory"/> 
      <filter class="solr.LowerCaseFilterFactory"/>
      <filter class="solr.StopFilterFactory" ignoreCase="true" words="lang/stopwords_bg.txt" /> 
      <filter class="solr.BulgarianStemFilterFactory"/>       
    </analyzer>
  </fieldType>
  
  <!-- Catalan -->
  <fieldType name="text_ca" class="solr.TextField" positionIncrementGap="100">
    <analyzer> 
      <tokenizer class="solr.StandardTokenizerFactory"/>
      <!-- removes l', etc -->
      <filter class="solr.ElisionFilterFactory" ignoreCase="true" articles="lang/contractions_ca.txt"/>
      <filter class="solr.LowerCaseFilterFactory"/>
      <filter class="solr.StopFilterFactory" ignoreCase="true" words="lang/stopwords_ca.txt" />
      <filter class="solr.SnowballPorterFilterFactory" language="Catalan"/>       
    </analyzer>
  </fieldType>
  
  <!-- CJK bigram (see text_ja for a Japanese configuration using morphological analysis) -->
  <fieldType name="text_cjk" class="solr.TextField" positionIncrementGap="100">
    <analyzer>
      <tokenizer class="solr.StandardTokenizerFactory"/>
      <!-- normalize width before bigram, as e.g. half-width dakuten combine  -->
      <filter class="solr.CJKWidthFilterFactory"/>
      <!-- for any non-CJK -->
      <filter class="solr.LowerCaseFilterFactory"/>
      <filter class="solr.CJKBigramFilterFactory"/>
    </analyzer>
  </fieldType>

  <!-- Kurdish -->
  <fieldType name="text_ckb" class="solr.TextField" positionIncrementGap="100">
    <analyzer>
      <tokenizer class="solr.StandardTokenizerFactory"/>
      <filter class="solr.SoraniNormalizationFilterFactory"/>
      <!-- for any latin text -->
      <filter class="solr.LowerCaseFilterFactory"/>
      <filter class="solr.StopFilterFactory" ignoreCase="true" words="lang/stopwords_ckb.txt"/>
      <filter class="solr.SoraniStemFilterFactory"/>
    </analyzer>
  </fieldType>

  <!-- Czech -->
  <fieldType name="text_cz" class="solr.TextField" positionIncrementGap="100">
    <analyzer> 
      <tokenizer class="solr.StandardTokenizerFactory"/>
      <filter class="solr.LowerCaseFilterFactory"/>
      <filter class="solr.StopFilterFactory" ignoreCase="true" words="lang/stopwords_cz.txt" />
      <filter class="solr.CzechStemFilterFactory"/>       
    </analyzer>
  </fieldType>
  
  <!-- Danish -->
  <fieldType name="text_da" class="solr.TextField" positionIncrementGap="100">
    <analyzer> 
      <tokenizer class="solr.StandardTokenizerFactory"/>
      <filter class="solr.LowerCaseFilterFactory"/>
      <filter class="solr.StopFilterFactory" ignoreCase="true" words="lang/stopwords_da.txt" format="snowball" />
      <filter class="solr.SnowballPorterFilterFactory" language="Danish"/>       
    </analyzer>
  </fieldType>
  
  <!-- German -->
  <fieldType name="text_de" class="solr.TextField" positionIncrementGap="100">
    <analyzer> 
      <tokenizer class="solr.StandardTokenizerFactory"/>
      <filter class="solr.LowerCaseFilterFactory"/>
      <filter class="solr.StopFilterFactory" ignoreCase="true" words="lang/stopwords_de.txt" format="snowball" />
      <filter class="solr.GermanNormalizationFilterFactory"/>
      <filter class="solr.GermanLightStemFilterFactory"/>
      <!-- less aggressive: <filter class="solr.GermanMinimalStemFilterFactory"/> -->
      <!-- more aggressive: <filter class="solr.SnowballPorterFilterFactory" language="German2"/> -->
    </analyzer>
  </fieldType>
  
  <!-- Greek -->
  <fieldType name="text_el" class="solr.TextField" positionIncrementGap="100">
    <analyzer> 
      <tokenizer class="solr.StandardTokenizerFactory"/>
      <!-- greek specific lowercase for sigma -->
      <filter class="solr.GreekLowerCaseFilterFactory"/>
      <filter class="solr.StopFilterFactory" ignoreCase="false" words="lang/stopwords_el.txt" />
      <filter class="solr.GreekStemFilterFactory"/>
    </analyzer>
  </fieldType>
    
  <!-- Spanish -->
  <fieldType name="text_es" class="solr.TextField" positionIncrementGap="100">
    <analyzer> 
      <tokenizer class="solr.StandardTokenizerFactory"/>
      <filter class="solr.LowerCaseFilterFactory"/>
      <filter class="solr.StopFilterFactory" ignoreCase="true" words="lang/stopwords_es.txt" format="snowball" />
      <filter class="solr.SpanishLightStemFilterFactory"/>
      <!-- more aggressive: <filter class="solr.SnowballPorterFilterFactory" language="Spanish"/> -->
    </analyzer>
  </fieldType>
  
  <!-- Basque -->
  <fieldType name="text_eu" class="solr.TextField" positionIncrementGap="100">
    <analyzer> 
      <tokenizer class="solr.StandardTokenizerFactory"/>
      <filter class="solr.LowerCaseFilterFactory"/>
      <filter class="solr.StopFilterFactory" ignoreCase="true" words="lang/stopwords_eu.txt" />
      <filter class="solr.SnowballPorterFilterFactory" language="Basque"/>
    </analyzer>
  </fieldType>
    
  <!-- Persian -->
  <fieldType name="text_fa" class="solr.TextField" positionIncrementGap="100">
    <analyzer>
      <!-- for ZWNJ -->
      <charFilter class="solr.PersianCharFilterFactory"/>
      <tokenizer class="solr.StandardTokenizerFactory"/>
      <filter class="solr.LowerCaseFilterFactory"/>
      <filter class="solr.ArabicNormalizationFilterFactory"/>
      <filter class="solr.PersianNormalizationFilterFactory"/>
      <filter class="solr.StopFilterFactory" ignoreCase="true" words="lang/stopwords_fa.txt" />
    </analyzer>
  </fieldType>
  
  <!-- Finnish -->
  <fieldType name="text_fi" class="solr.TextField" positionIncrementGap="100">
    <analyzer> 
      <tokenizer class="solr.StandardTokenizerFactory"/>
      <filter class="solr.LowerCaseFilterFactory"/>
      <filter class="solr.StopFilterFactory" ignoreCase="true" words="lang/stopwords_fi.txt" format="snowball" />
      <filter class="solr.SnowballPorterFilterFactory" language="Finnish"/>
      <!-- less aggressive: <filter class="solr.FinnishLightStemFilterFactory"/> -->
    </analyzer>
  </fieldType>
  
  <!-- French -->
  <fieldType name="text_fr" class="solr.TextField" positionIncrementGap="100">
    <analyzer> 
      <tokenizer class="solr.StandardTokenizerFactory"/>
      <!-- removes l', etc -->
      <filter class="solr.ElisionFilterFactory" ignoreCase="true" articles="lang/contractions_fr.txt"/>
      <filter class="solr.LowerCaseFilterFactory"/>
      <filter class="solr.StopFilterFactory" ignoreCase="true" words="lang/stopwords_fr.txt" format="snowball" />
      <filter class="solr.FrenchLightStemFilterFactory"/>
      <!-- less aggressive: <filter class="solr.FrenchMinimalStemFilterFactory"/> -->
      <!-- more aggressive: <filter class="solr.SnowballPorterFilterFactory" language="French"/> -->
    </analyzer>
  </fieldType>
    
  <!-- Irish -->
  <fieldType name="text_ga" class="solr.TextField" positionIncrementGap="100">
    <analyzer> 
      <tokenizer class="solr.StandardTokenizerFactory"/>
      <!-- removes d', etc -->
      <filter class="solr.ElisionFilterFactory" ignoreCase="true" articles="lang/contractions_ga.txt"/>
      <!-- removes n-, etc. position increments is intentionally false! -->
      <filter class="solr.StopFilterFactory" ignoreCase="true" words="lang/hyphenations_ga.txt"/>
      <filter class="solr.IrishLowerCaseFilterFactory"/>
      <filter class="solr.StopFilterFactory" ignoreCase="true" words="lang/stopwords_ga.txt"/>
      <filter class="solr.SnowballPorterFilterFactory" language="Irish"/>
    </analyzer>
  </fieldType>
  
  <!-- Galician -->
  <fieldType name="text_gl" class="solr.TextField" positionIncrementGap="100">
    <analyzer> 
      <tokenizer class="solr.StandardTokenizerFactory"/>
      <filter class="solr.LowerCaseFilterFactory"/>
      <filter class="solr.StopFilterFactory" ignoreCase="true" words="lang/stopwords_gl.txt" />
      <filter class="solr.GalicianStemFilterFactory"/>
      <!-- less aggressive: <filter class="solr.GalicianMinimalStemFilterFactory"/> -->
    </analyzer>
  </fieldType>
  
  <!-- Hindi -->
  <fieldType name="text_hi" class="solr.TextField" positionIncrementGap="100">
    <analyzer> 
      <tokenizer class="solr.StandardTokenizerFactory"/>
      <filter class="solr.LowerCaseFilterFactory"/>
      <!-- normalizes unicode representation -->
      <filter class="solr.IndicNormalizationFilterFactory"/>
      <!-- normalizes variation in spelling -->
      <filter class="solr.HindiNormalizationFilterFactory"/>
      <filter class="solr.StopFilterFactory" ignoreCase="true" words="lang/stopwords_hi.txt" />
      <filter class="solr.HindiStemFilterFactory"/>
    </analyzer>
  </fieldType>
    
  <!-- Hungarian -->
  <fieldType name="text_hu" class="solr.TextField" positionIncrementGap="100">
    <analyzer> 
      <tokenizer class="solr.StandardTokenizerFactory"/>
      <filter class="solr.LowerCaseFilterFactory"/>
      <filter class="solr.StopFilterFactory" ignoreCase="true" words="lang/stopwords_hu.txt" format="snowball" />
      <filter class="solr.SnowballPorterFilterFactory" language="Hungarian"/>
      <!-- less aggressive: <filter class="solr.HungarianLightStemFilterFactory"/> -->   
    </analyzer>
  </fieldType>
  
  <!-- Armenian -->
  <fieldType name="text_hy" class="solr.TextField" positionIncrementGap="100">
    <analyzer> 
      <tokenizer class="solr.StandardTokenizerFactory"/>
      <filter class="solr.LowerCaseFilterFactory"/>
      <filter class="solr.StopFilterFactory" ignoreCase="true" words="lang/stopwords_hy.txt" />
      <filter class="solr.SnowballPorterFilterFactory" language="Armenian"/>
    </analyzer>
  </fieldType>
  
  <!-- Indonesian -->
  <fieldType name="text_id" class="solr.TextField" positionIncrementGap="100">
    <analyzer> 
      <tokenizer class="solr.StandardTokenizerFactory"/>
      <filter class="solr.LowerCaseFilterFactory"/>
      <filter class="solr.StopFilterFactory" ignoreCase="true" words="lang/stopwords_id.txt" />
      <!-- for a less aggressive approach (only inflectional suffixes), set stemDerivational to false -->
      <filter class="solr.IndonesianStemFilterFactory" stemDerivational="true"/>
    </analyzer>
  </fieldType>
  
  <!-- Italian -->
  <fieldType name="text_it" class="solr.TextField" positionIncrementGap="100">
    <analyzer> 
      <tokenizer class="solr.StandardTokenizerFactory"/>
      <!-- removes l', etc -->
      <filter class="solr.ElisionFilterFactory" ignoreCase="true" articles="lang/contractions_it.txt"/>
      <filter class="solr.LowerCaseFilterFactory"/>
      <filter class="solr.StopFilterFactory" ignoreCase="true" words="lang/stopwords_it.txt" format="snowball" />
      <filter class="solr.ItalianLightStemFilterFactory"/>
      <!-- more aggressive: <filter class="solr.SnowballPorterFilterFactory" language="Italian"/> -->
    </analyzer>
  </fieldType>
    
  <fieldType name="text_ja" class="solr.TextField" positionIncrementGap="100" autoGeneratePhraseQueries="false">
    <analyzer>
      <tokenizer class="solr.JapaneseTokenizerFactory" mode="search"/>
      <!--<tokenizer class="solr.JapaneseTokenizerFactory" mode="search" userDictionary="lang/userdict_ja.txt"/>-->
      <!-- Reduces inflected verbs and adjectives to their base/dictionary forms (辞書形) -->
      <filter class="solr.JapaneseBaseFormFilterFactory"/>
      <!-- Removes tokens with certain part-of-speech tags -->
      <filter class="solr.JapanesePartOfSpeechStopFilterFactory" tags="lang/stoptags_ja.txt" />
      <!-- Normalizes full-width romaji to half-width and half-width kana to full-width (Unicode NFKC subset) -->
      <filter class="solr.CJKWidthFilterFactory"/>
      <!-- Removes common tokens typically not useful for search, but have a negative effect on ranking -->
      <filter class="solr.StopFilterFactory" ignoreCase="true" words="lang/stopwords_ja.txt" />
      <!-- Normalizes common katakana spelling variations by removing any last long sound character (U+30FC) -->
      <filter class="solr.JapaneseKatakanaStemFilterFactory" minimumLength="4"/>
      <!-- Lower-cases romaji characters -->
      <filter class="solr.LowerCaseFilterFactory"/>
    </analyzer>
  </fieldType>
  
  <!-- Latvian -->
  <fieldType name="text_lv" class="solr.TextField" positionIncrementGap="100">
    <analyzer> 
      <tokenizer class="solr.StandardTokenizerFactory"/>
      <filter class="solr.LowerCaseFilterFactory"/>
      <filter class="solr.StopFilterFactory" ignoreCase="true" words="lang/stopwords_lv.txt" />
      <filter class="solr.LatvianStemFilterFactory"/>
    </analyzer>
  </fieldType>
  
  <!-- Dutch -->
  <fieldType name="text_nl" class="solr.TextField" positionIncrementGap="100">
    <analyzer> 
      <tokenizer class="solr.StandardTokenizerFactory"/>
      <filter class="solr.LowerCaseFilterFactory"/>
      <filter class="solr.StopFilterFactory" ignoreCase="true" words="lang/stopwords_nl.txt" format="snowball" />
      <filter class="solr.StemmerOverrideFilterFactory" dictionary="lang/stemdict_nl.txt" ignoreCase="false"/>
      <filter class="solr.SnowballPorterFilterFactory" language="Dutch"/>
    </analyzer>
  </fieldType>
    
  <!-- Norwegian -->
  <fieldType name="text_no" class="solr.TextField" positionIncrementGap="100">
    <analyzer> 
      <tokenizer class="solr.StandardTokenizerFactory"/>
      <filter class="solr.LowerCaseFilterFactory"/>
      <filter class="solr.StopFilterFactory" ignoreCase="true" words="lang/stopwords_no.txt" format="snowball" />
      <filter class="solr.SnowballPorterFilterFactory" language="Norwegian"/>
      <!-- less aggressive: <filter class="solr.NorwegianLightStemFilterFactory" variant="nb"/> -->
      <!-- singular/plural: <filter class="solr.NorwegianMinimalStemFilterFactory" variant="nb"/> -->
      <!-- The "light" and "minimal" stemmers support variants: nb=Bokmål, nn=Nynorsk, no=Both -->
    </analyzer>
  </fieldType>
  
  <!-- Portuguese -->
  <fieldType name="text_pt" class="solr.TextField" positionIncrementGap="100">
    <analyzer> 
      <tokenizer class="solr.StandardTokenizerFactory"/>
      <filter class="solr.LowerCaseFilterFactory"/>
      <filter class="solr.StopFilterFactory" ignoreCase="true" words="lang/stopwords_pt.txt" format="snowball" />
      <filter class="solr.PortugueseLightStemFilterFactory"/>
      <!-- less aggressive: <filter class="solr.PortugueseMinimalStemFilterFactory"/> -->
      <!-- more aggressive: <filter class="solr.SnowballPorterFilterFactory" language="Portuguese"/> -->
      <!-- most aggressive: <filter class="solr.PortugueseStemFilterFactory"/> -->
    </analyzer>
  </fieldType>
  
  <!-- Romanian -->
  <fieldType name="text_ro" class="solr.TextField" positionIncrementGap="100">
    <analyzer> 
      <tokenizer class="solr.StandardTokenizerFactory"/>
      <filter class="solr.LowerCaseFilterFactory"/>
      <filter class="solr.StopFilterFactory" ignoreCase="true" words="lang/stopwords_ro.txt" />
      <filter class="solr.SnowballPorterFilterFactory" language="Romanian"/>
    </analyzer>
  </fieldType>
  
  <!-- Russian -->
  <fieldType name="text_ru" class="solr.TextField" positionIncrementGap="100">
    <analyzer> 
      <tokenizer class="solr.StandardTokenizerFactory"/>
      <filter class="solr.LowerCaseFilterFactory"/>
      <filter class="solr.StopFilterFactory" ignoreCase="true" words="lang/stopwords_ru.txt" format="snowball" />
      <filter class="solr.SnowballPorterFilterFactory" language="Russian"/>
      <!-- less aggressive: <filter class="solr.RussianLightStemFilterFactory"/> -->
    </analyzer>
  </fieldType>
    
  <!-- Swedish -->
  <fieldType name="text_sv" class="solr.TextField" positionIncrementGap="100">
    <analyzer> 
      <tokenizer class="solr.StandardTokenizerFactory"/>
      <filter class="solr.LowerCaseFilterFactory"/>
      <filter class="solr.StopFilterFactory" ignoreCase="true" words="lang/stopwords_sv.txt" format="snowball" />
      <filter class="solr.SnowballPorterFilterFactory" language="Swedish"/>
      <!-- less aggressive: <filter class="solr.SwedishLightStemFilterFactory"/> -->
    </analyzer>
  </fieldType>
  
  <!-- Thai -->
  <fieldType name="text_th" class="solr.TextField" positionIncrementGap="100">
    <analyzer> 
      <tokenizer class="solr.ThaiTokenizerFactory"/>
      <filter class="solr.LowerCaseFilterFactory"/>
      <filter class="solr.StopFilterFactory" ignoreCase="true" words="lang/stopwords_th.txt" />
    </analyzer>
  </fieldType>
  
  <!-- Turkish -->
  <fieldType name="text_tr" class="solr.TextField" positionIncrementGap="100">
    <analyzer> 
      <tokenizer class="solr.StandardTokenizerFactory"/>
      <filter class="solr.ApostropheFilterFactory"/>
      <filter class="solr.TurkishLowerCaseFilterFactory"/>
      <filter class="solr.StopFilterFactory" ignoreCase="false" words="lang/stopwords_tr.txt" />
      <filter class="solr.SnowballPorterFilterFactory" language="Turkish"/>
    </analyzer>
  </fieldType>

</schema>
