"id","titulo","ano","issn","titulo_serie","editora","autor","url"
"9780123749765","Medical Device Technologies",2012,,,"Academic Press",,"http://www.sciencedirect.com/science/book/9780123749765"
"9781933762371","The Planning Guide to Piping Design",2011,,,"Gulf Publishing Company",,"http://www.sciencedirect.com/science/book/9781933762371"
"9780124158313","Epigenetic Principles of Evolution",2012,,,"Elsevier",,"http://www.sciencedirect.com/science/book/9780124158313"
"9780124160170","Handbook of Solid Phase Microextraction",2012,,,"Elsevier",,"http://www.sciencedirect.com/science/book/9780124160170"
"9780123859631","GPU Computing Gems Jade Edition",2011,,"Applications of GPU Computing Series","Morgan Kaufmann",,"http://www.sciencedirect.com/science/book/9780123859631"
"9780123864529","Smart Grid",2012,,,"Academic Press",,"http://www.sciencedirect.com/science/book/9780123864529"
"9781437778175","Ceramic Thick Films for MEMS and Microdevices",2011,,"Micro and Nano Technologies","William Andrew Publishing",,"http://www.sciencedirect.com/science/book/9781437778175"
"9780123694973","The Mouse Nervous System",2012,,,"Academic Press",,"http://www.sciencedirect.com/science/book/9780123694973"
"9780123814319","Neuroscience of Preference and Choice",2012,,,"Academic Press",,"http://www.sciencedirect.com/science/book/9780123814319"
"9780123859730","Addiction Neuroethics",2012,,,"Academic Press",,"http://www.sciencedirect.com/science/book/9780123859730"
"9780444529367","Inductive Logic",2011,"1874-5857","Handbook of the History of Logic","North-Holland",,"http://www.sciencedirect.com/science/book/9780444529367"
"9780123918758","The World’s Health Care Crisis",2011,,,"Elsevier",,"http://www.sciencedirect.com/science/book/9780123918758"
"9780444537904","Handbook of Benzoxazine Resins",2011,,,"Elsevier",,"http://www.sciencedirect.com/science/book/9780444537904"
"9780123878212","Explorations into a Dynamic Process-Oriented Soil Science",2011,,,"Elsevier",,"http://www.sciencedirect.com/science/book/9780123878212"
"9780080969022","Reliability, Maintainability and Risk (Eighth Edition)",2011,,,"Butterworth-Heinemann",,"http://www.sciencedirect.com/science/book/9780080969022"
"9780123860279","Streamline Numerical Well Test Interpretation",2011,,,"Gulf Professional Publishing",,"http://www.sciencedirect.com/science/book/9780123860279"
"9780123852397","The Four Colors of Business Growth",2011,,,"Academic Press",,"http://www.sciencedirect.com/science/book/9780123852397"
"9780123869098","Strategy and Statistics in Clinical Trials",2011,,,"Academic Press",,"http://www.sciencedirect.com/science/book/9780123869098"
"9780123819840","Handbook of Traffic Psychology",2011,,,"Academic Press",,"http://www.sciencedirect.com/science/book/9780123819840"
"9780323066129","Smith's Anesthesia for Infants and Children (Eighth Edition)",2011,,,"Mosby",,"http://www.sciencedirect.com/science/book/9780323066129"
"9780702031472","Blood and Bone Marrow Pathology (Second Edition)",2011,,,"Churchill Livingstone",,"http://www.sciencedirect.com/science/book/9780702031472"
"9781416037798","Pain Procedures in Clinical Practice (Third Edition)",2011,,,"Hanley & Belfus",,"http://www.sciencedirect.com/science/book/9781416037798"
"9781416065814","Textbook of Pediatric Rheumatology (Sixth Edition)",2011,,,"W.B. Saunders",,"http://www.sciencedirect.com/science/book/9781416065814"
"9781437703269","Fundamentals of Sleep Medicine",2012,,,"W.B. Saunders",,"http://www.sciencedirect.com/science/book/9781437703269"
"9780323077385","Clinical Skills for Pharmacists (Third Edition)",2012,,,"Mosby",,"http://www.sciencedirect.com/science/book/9780323077385"
"9781416049784","Functional Movement Development Across the Life Span (Third Edition)",2012,,,"W.B. Saunders",,"http://www.sciencedirect.com/science/book/9781416049784"
"9781416099796","Clinical Veterinary Advisor: The Horse",2011,,,"W.B. Saunders",,"http://www.sciencedirect.com/science/book/9781416099796"
"9780702031311","Clinical Ultrasound  (Third Edition)",2011,,,"Churchill Livingstone",,"http://www.sciencedirect.com/science/book/9780702031311"
"9781437716153","Cryoablation of Cardiac Arrhythmias",2011,,,"W.B. Saunders",,"http://www.sciencedirect.com/science/book/9781437716153"
"9780323045834","Whiplash",2012,,,"Mosby",,"http://www.sciencedirect.com/science/book/9780323045834"
"9780443067341","Performance Psychology",2011,,,"Churchill Livingstone",,"http://www.sciencedirect.com/science/book/9780443067341"
"9781437707403","Physical Therapy of the Shoulder (Fifth Edition)",2012,,,"Churchill Livingstone",,"http://www.sciencedirect.com/science/book/9781437707403"
"9781437778854","Developments in Surface Contamination and Cleaning: Methods for Removal of Particle Contaminants",2011,,,"William Andrew Publishing",,"http://www.sciencedirect.com/science/book/9781437778854"
"9780123741707","Carboranes (Second Edition)",2011,,,"Academic Press",,"http://www.sciencedirect.com/science/book/9780123741707"
"9780123854896","4G LTE/LTE-Advanced for Mobile Broadband",2011,,,"Academic Press",,"http://www.sciencedirect.com/science/book/9780123854896"
"9780123851369","Energy, Sustainability and the Environment",2011,,,"Butterworth-Heinemann",,"http://www.sciencedirect.com/science/book/9780123851369"
"9780123852045","Metal Fatigue Analysis Handbook",2012,,,"Butterworth-Heinemann",,"http://www.sciencedirect.com/science/book/9780123852045"
"9780323073073","Pediatric Critical Care (Fourth Edition)",2011,,,"Mosby",,"http://www.sciencedirect.com/science/book/9780323073073"
"9780702039355","Tropical Infectious Diseases (Third Edition)",2011,,,"W.B. Saunders",,"http://www.sciencedirect.com/science/book/9780702039355"
"9781416054788","Stroke (Fifth Edition)",2011,,,"W.B. Saunders",,"http://www.sciencedirect.com/science/book/9781416054788"
"9781437716191","Palliative Care (Second Edition)",2011,,,"W.B. Saunders",,"http://www.sciencedirect.com/science/book/9781437716191"
"9781437727012","Risk, Liability and Malpractice",2011,,,"W.B. Saunders",,"http://www.sciencedirect.com/science/book/9781437727012"
"9780123852205","3C Vision",2011,,,"Elsevier",,"http://www.sciencedirect.com/science/book/9780123852205"
"9781597495929","Securing the Cloud",2011,,,"Syngress",,"http://www.sciencedirect.com/science/book/9781597495929"
"9781597496155","Security Risk Management",2011,,,"Syngress",,"http://www.sciencedirect.com/science/book/9781597496155"
"9780080966403","Valve Amplifiers (Fourth Edition)",2012,,,"Newnes",,"http://www.sciencedirect.com/science/book/9780080966403"
"9780123852168","Exceptional Life Journeys",2012,,,"Elsevier",,"http://www.sciencedirect.com/science/book/9780123852168"
"9780323054058","Berman's Pediatric Decision Making (Fifth Edition)",2011,,,"Mosby",,"http://www.sciencedirect.com/science/book/9780323054058"
"9780323069526","Spine Secrets Plus (Second Edition)",2012,,,"Mosby",,"http://www.sciencedirect.com/science/book/9780323069526"
"9780702031281","Gastrointestinal Endoscopy in Practice",2011,,,"Churchill Livingstone",,"http://www.sciencedirect.com/science/book/9780702031281"
"9781416033622","Nephrology Secrets (Third Edition)",2012,,,"Mosby",,"http://www.sciencedirect.com/science/book/9781416033622"
"9781416061137","Diagnostic Imaging for the Emergency Physician",2011,,,"W.B. Saunders",,"http://www.sciencedirect.com/science/book/9781416061137"
"9781437722420","Essentials of Pain Medicine (Third Edition)",2011,,,"W.B. Saunders",,"http://www.sciencedirect.com/science/book/9781437722420"
"9780702031267","Advanced Operative Dentistry",2011,,,"Churchill Livingstone",,"http://www.sciencedirect.com/science/book/9780702031267"
"9780702035715","Energy Medicine East and West",2011,,,"Churchill Livingstone",,"http://www.sciencedirect.com/science/book/9780702035715"
"9781437719260","Clinical Anatomy and Physiology of the Visual System (Third Edition)",2012,,,"Butterworth-Heinemann",,"http://www.sciencedirect.com/science/book/9781437719260"
"9780857090683","Food Chain Integrity",2011,,"Woodhead Publishing Series in Food Science, Technology and Nutrition","Woodhead Publishing",,"http://www.sciencedirect.com/science/book/9780857090683"
"9780857090720","Improving the Safety and Quality of Eggs and Egg Products: Egg Safety and Nutritional Quality",2011,,"Woodhead Publishing Series in Food Science, Technology and Nutrition","Woodhead Publishing",,"http://www.sciencedirect.com/science/book/9780857090720"
"9780857090904","Postharvest Biology and Technology of Tropical and Subtropical Fruits: Mangosteen to White Sapote",2011,,"Woodhead Publishing Series in Food Science, Technology and Nutrition","Woodhead Publishing",,"http://www.sciencedirect.com/science/book/9780857090904"
"9780857091253","The International Cocoa Trade (Third Edition)",2011,,"Woodhead Publishing Series in Electronic and Optical Materials","Woodhead Publishing",,"http://www.sciencedirect.com/science/book/9780857091253"
"9781845694319","Developing Children's Food Products",2011,,"Woodhead Publishing Series in Food Science, Technology and Nutrition","Woodhead Publishing",,"http://www.sciencedirect.com/science/book/9781845694319"
"9781845694661","Processed Meats",2011,,"Woodhead Publishing Series in Food Science, Technology and Nutrition","Woodhead Publishing",,"http://www.sciencedirect.com/science/book/9781845694661"
"9781845694852","Rice Quality",2011,,"Woodhead Publishing Series in Food Science, Technology and Nutrition","Woodhead Publishing",,"http://www.sciencedirect.com/science/book/9781845694852"
"9781845694968","Tracing Pathogens in the Food Chain",2011,,"Woodhead Publishing Series in Food Science, Technology and Nutrition","Woodhead Publishing",,"http://www.sciencedirect.com/science/book/9781845694968"
"9781845695644","Hygienic Design of Food Factories",2011,,"Woodhead Publishing Series in Food Science, Technology and Nutrition","Woodhead Publishing",,"http://www.sciencedirect.com/science/book/9781845695644"
"9781845696696","Protective Cultures, Antimicrobial Metabolites and Bacteriophages for Food and Beverage Biopreservation",2011,,"Woodhead Publishing Series in Food Science, Technology and Nutrition","Woodhead Publishing",,"http://www.sciencedirect.com/science/book/9781845696696"
"9781845696740","Determining Mycotoxins and Mycotoxigenic Fungi in Food and Feed",2011,,"Woodhead Publishing Series in Food Science, Technology and Nutrition","Woodhead Publishing",,"http://www.sciencedirect.com/science/book/9781845696740"
"9781845696900","Functional Foods (Second Edition)",2011,,"Woodhead Publishing Series in Food Science, Technology and Nutrition","Woodhead Publishing",,"http://www.sciencedirect.com/science/book/9781845696900"
"9781845697013","Food and Beverage Stability and Shelf Life",2011,,"Woodhead Publishing Series in Food Science, Technology and Nutrition","Woodhead Publishing",,"http://www.sciencedirect.com/science/book/9781845697013"
"9781845697334","Postharvest Biology and Technology of Tropical and Subtropical Fruits: Fundamental Issues",2011,,"Woodhead Publishing Series in Food Science, Technology and Nutrition","Woodhead Publishing",,"http://www.sciencedirect.com/science/book/9781845697334"
"9781845697341","Postharvest Biology and Technology of Tropical and Subtropical Fruits: Açai to Citrus",2011,,"Woodhead Publishing Series in Food Science, Technology and Nutrition","Woodhead Publishing",,"http://www.sciencedirect.com/science/book/9781845697341"
"9781845697358","Postharvest Biology and Technology of Tropical and Subtropical Fruits: Cocona to Mango",2011,,"Woodhead Publishing Series in Food Science, Technology and Nutrition","Woodhead Publishing",,"http://www.sciencedirect.com/science/book/9781845697358"
"9781845697402","Reducing Saturated Fats in Foods",2011,,"Woodhead Publishing Series in Food Science, Technology and Nutrition","Woodhead Publishing",,"http://www.sciencedirect.com/science/book/9781845697402"
"9781845697525","Lifetime Nutritional Influences on Cognition, Behaviour and Psychiatric Illness",2011,,"Woodhead Publishing Series in Food Science, Technology and Nutrition","Woodhead Publishing",,"http://www.sciencedirect.com/science/book/9781845697525"
"9781845697549","Improving the Safety and Quality of Eggs and Egg Products: Egg Chemistry, Production and Consumption",2011,,"Woodhead Publishing Series in Food Science, Technology and Nutrition","Woodhead Publishing",,"http://www.sciencedirect.com/science/book/9781845697549"
"9781845697587","Handbook of Food Proteins",2011,,"Woodhead Publishing Series in Food Science, Technology and Nutrition","Woodhead Publishing",,"http://www.sciencedirect.com/science/book/9781845697587"
"9781845697709","Manley’s Technology of Biscuits, Crackers and Cookies (Fourth Edition)",2011,,"Woodhead Publishing Series in Food Science, Technology and Nutrition","Woodhead Publishing",,"http://www.sciencedirect.com/science/book/9781845697709"
"9781907568046","Matlab® in Bioscience and Biotechnology",2011,,"Woodhead Publishing Series in Biomedicine","Woodhead Publishing",,"http://www.sciencedirect.com/science/book/9781907568046"
"9781907568060","Practical Leadership for Biopharmaceutical Executives",2011,,"Woodhead Publishing Series in Biomedicine","Woodhead Publishing",,"http://www.sciencedirect.com/science/book/9781907568060"
"9781907568084","Outsourcing Biopharma R&D to India",2011,,"Woodhead Publishing Series in Biomedicine","Woodhead Publishing",,"http://www.sciencedirect.com/science/book/9781907568084"
"9781907568541","Allergens and Respiratory Pollutants",2011,,"Woodhead Publishing Series in Biomedicine","Woodhead Publishing",,"http://www.sciencedirect.com/science/book/9781907568541"
"9780857092403","Group Theory for Chemists (Second Edition)",2011,,"Woodhead Publishing Series in Civil and Structural Engineering","Woodhead Publishing",,"http://www.sciencedirect.com/science/book/9780857092403"
"9780857092250","Practical Scientific Computing",2011,,"Woodhead Publishing Series in Food Science, Technology and Nutrition","Woodhead Publishing",,"http://www.sciencedirect.com/science/book/9780857092250"
"9781843344735","Website Visibility",2009,,"Chandos Learning and Teaching Series","Chandos Publishing",,"http://www.sciencedirect.com/science/book/9781843344735"
"9781843345886","The Host in the Machine",2010,,"Woodhead Publishing Series in Textiles","Chandos Publishing",,"http://www.sciencedirect.com/science/book/9781843345886"
"9781843346012","Towards a Semantic Web",2011,,"Chandos Information Professional Series","Chandos Publishing",,"http://www.sciencedirect.com/science/book/9781843346012"
"9781843346364","Television Versus the Internet",2010,,"Chandos Publishing Social Media Series","Chandos Publishing",,"http://www.sciencedirect.com/science/book/9781843346364"
"9781845695019","Advanced Separation Techniques for Nuclear Fuel Reprocessing and Radioactive Waste Treatment",2011,,"Woodhead Publishing Series in Energy","Woodhead Publishing",,"http://www.sciencedirect.com/science/book/9781845695019"
"9781845695804","Wind Energy Systems",2011,,"Woodhead Publishing Series in Energy","Woodhead Publishing",,"http://www.sciencedirect.com/science/book/9781845695804"
"9781845696269","Handbook of Advanced Radioactive Waste Conditioning Technologies",2011,,"Woodhead Publishing Series in Energy","Woodhead Publishing",,"http://www.sciencedirect.com/science/book/9781845696269"
"9781845696719","Oxy-Fuel Combustion for Power Generation and Carbon Dioxide (CO2) Capture",2011,,"Woodhead Publishing Series in Energy","Woodhead Publishing",,"http://www.sciencedirect.com/science/book/9781845696719"
"9781845696795","Handbook of Biofuels Production",2011,,"Woodhead Publishing Series in Energy","Woodhead Publishing",,"http://www.sciencedirect.com/science/book/9781845696795"
"9781845697266","Power Plant Life Management and Performance Improvement",2011,,"Woodhead Publishing Series in Energy","Woodhead Publishing",,"http://www.sciencedirect.com/science/book/9781845697266"
"9781845697273","Advances in Clean Hydrocarbon Fuel Processing",2011,,"Woodhead Publishing Series in Energy","Woodhead Publishing",,"http://www.sciencedirect.com/science/book/9781845697273"
"9781845697952","Small and Micro Combined Heat and Power (CHP) Systems",2011,,"Woodhead Publishing Series in Energy","Woodhead Publishing",,"http://www.sciencedirect.com/science/book/9781845697952"
"9781845699697","Advanced Membrane Science and Technology for Sustainable Energy and Environmental Applications",2011,,"Woodhead Publishing Series in Energy","Woodhead Publishing",,"http://www.sciencedirect.com/science/book/9781845699697"
"9780857090485","Polymer Modified Bitumen",2011,,"Woodhead Publishing Series in Civil and Structural Engineering","Woodhead Publishing",,"http://www.sciencedirect.com/science/book/9780857090485"
"9780857090539","Collaborative Product Assembly Design and Assembly Planning",2011,,"Woodhead Publishing Series in Metals and Surface Engineering","Woodhead Publishing",,"http://www.sciencedirect.com/science/book/9780857090539"
"9780857090546","Orbital Mechanics and Formation Flying",2011,,"Woodhead Publishing Series in Metals and Surface Engineering","Woodhead Publishing",,"http://www.sciencedirect.com/science/book/9780857090546"
"9780857090775","Electrical Motor Products",2011,,"Woodhead Publishing Series in Textiles","Woodhead Publishing",,"http://www.sciencedirect.com/science/book/9780857090775"
"9780857090997","Modern Machining Technology",2011,,"Woodhead Publishing Series in Textiles","Woodhead Publishing",,"http://www.sciencedirect.com/science/book/9780857090997"
"9780857091147","Tribology for Engineers",2011,,"Woodhead Publishing Series in Food Science, Technology and Nutrition","Woodhead Publishing",,"http://www.sciencedirect.com/science/book/9780857091147"
"9780857091369","Handbook of Sustainable Textile Production",2011,,"Woodhead Publishing Series in Textiles","Woodhead Publishing",,"http://www.sciencedirect.com/science/book/9780857091369"
"9780857092489","Pressure Vessels (Second Edition)",2011,,"Woodhead Publishing Series in Textiles","Woodhead Publishing",,"http://www.sciencedirect.com/science/book/9780857092489"
"9780857092571","Building Decorative Materials",2011,,"Woodhead Publishing Series in Civil and Structural Engineering","Woodhead Publishing",,"http://www.sciencedirect.com/science/book/9780857092571"
"9781845693725","Advances in Knitting Technology",2011,,"Woodhead Publishing Series in Textiles","Woodhead Publishing",,"http://www.sciencedirect.com/science/book/9781845693725"
"9781845693985","Service Life Estimation and Extension of Civil Engineering Structures",2011,,"Woodhead Publishing Series in Civil and Structural Engineering","Woodhead Publishing",,"http://www.sciencedirect.com/science/book/9781845693985"
"9781845695132","Fracture and Fatigue of Welded Joints and Structures",2011,,"Woodhead Publishing Series in Welding and Other Joining Technologies","Woodhead Publishing",,"http://www.sciencedirect.com/science/book/9781845695132"
"9781845695392","Improving Comfort in Clothing",2011,,"Woodhead Publishing Series in Textiles","Woodhead Publishing",,"http://www.sciencedirect.com/science/book/9781845695392"
"9781845695583","Fibrous and Composite Materials for Civil Engineering Applications",2011,,"Woodhead Publishing Series in Textiles","Woodhead Publishing",,"http://www.sciencedirect.com/science/book/9781845695583"
"9781845695767","Advanced Adhesives in Electronics",2011,,"Woodhead Publishing Series in Electronic and Optical Materials","Woodhead Publishing",,"http://www.sciencedirect.com/science/book/9781845695767"
"9781845695897","Preprosthetic and Maxillofacial Surgery",2011,,"Woodhead Publishing Series in Biomaterials","Woodhead Publishing",,"http://www.sciencedirect.com/science/book/9781845695897"
"9781845696467","Textile Design",2011,,"Woodhead Publishing Series in Textiles","Woodhead Publishing",,"http://www.sciencedirect.com/science/book/9781845696467"
"9781845696542","Fundamentals of Aluminium Metallurgy",2011,,"Woodhead Publishing Series in Metals and Surface Engineering","Woodhead Publishing",,"http://www.sciencedirect.com/science/book/9781845696542"
"9781845696580","Thermal Barrier Coatings",2011,,"Woodhead Publishing Series in Metals and Surface Engineering","Woodhead Publishing",,"http://www.sciencedirect.com/science/book/9781845696580"
"9781845696627","Minimization of Welding Distortion and Buckling",2011,,"Woodhead Publishing Series in Welding and Other Joining Technologies","Woodhead Publishing",,"http://www.sciencedirect.com/science/book/9781845696627"
"9781845696634","Soft Computing in Textile Engineering",2011,,"Woodhead Publishing Series in Textiles","Woodhead Publishing",,"http://www.sciencedirect.com/science/book/9781845696634"
"9781845696702","Nanostructured Metals and Alloys",2011,,"Woodhead Publishing Series in Metals and Surface Engineering","Woodhead Publishing",,"http://www.sciencedirect.com/science/book/9781845696702"
"9781845696733","Stress Corrosion Cracking",2011,,"Woodhead Publishing Series in Metals and Surface Engineering","Woodhead Publishing",,"http://www.sciencedirect.com/science/book/9781845696733"
"9781845696757","Biaxial Stretching of Film",2011,,"Woodhead Publishing Series in Biomedicine","Woodhead Publishing",,"http://www.sciencedirect.com/science/book/9781845696757"
"9781845696955","Handbook of Textile and Industrial Dyeing",2011,,"Woodhead Publishing Series in Textiles","Woodhead Publishing",,"http://www.sciencedirect.com/science/book/9781845696955"
"9781845696962","Handbook of Textile and Industrial Dyeing",2011,,"Woodhead Publishing Series in Textiles","Woodhead Publishing",,"http://www.sciencedirect.com/science/book/9781845696962"
"9781845697044","Tailor Welded Blanks for Advanced Manufacturing",2011,,"Woodhead Publishing Series in Welding and Other Joining Technologies","Woodhead Publishing",,"http://www.sciencedirect.com/science/book/9781845697044"
"9781845697075","Shape Memory and Superelastic Alloys",2011,,"Woodhead Publishing Series in Metals and Surface Engineering","Woodhead Publishing",,"http://www.sciencedirect.com/science/book/9781845697075"
"9781845697082","Corrosion of Magnesium Alloys",2011,,"Woodhead Publishing Series in Metals and Surface Engineering","Woodhead Publishing",,"http://www.sciencedirect.com/science/book/9781845697082"
"9781845697150","Diesel Engine System Design",2011,,"Chandos Information Professional Series","Woodhead Publishing",,"http://www.sciencedirect.com/science/book/9781845697150"
"9781845697297","Computer Technology for Textiles and Apparel",2011,,"Woodhead Publishing Series in Textiles","Woodhead Publishing",,"http://www.sciencedirect.com/science/book/9781845697297"
"9781845697389","Multifunctional and Nanoreinforced Polymers for Food Packaging",2011,,"Woodhead Publishing Series in Composites Science and Engineering","Woodhead Publishing",,"http://www.sciencedirect.com/science/book/9781845697389"
"9781845697419","Electrospinning for Tissue Regeneration",2011,,"Woodhead Publishing Series in Biomaterials","Woodhead Publishing",,"http://www.sciencedirect.com/science/book/9781845697419"
"9781845697532","Superplastic Forming of Advanced Metallic Materials",2011,,"Woodhead Publishing Series in Metals and Surface Engineering","Woodhead Publishing",,"http://www.sciencedirect.com/science/book/9781845697532"
"9781845697563","A Quick Guide to API 653 Certified Storage Tank Inspector Syllabus",2011,,"Woodhead Publishing Series in Energy","Woodhead Publishing",,"http://www.sciencedirect.com/science/book/9781845697563"
"9781845697860","Using Robots in Hazardous Environments",2011,,"Woodhead Publishing Series in Biomedicine","Woodhead Publishing",,"http://www.sciencedirect.com/science/book/9781845697860"
"9781845698089","Electroless Copper and Nickel–Phosphorus Plating",2011,,"Woodhead Publishing Series in Metals and Surface Engineering","Woodhead Publishing",,"http://www.sciencedirect.com/science/book/9781845698089"
"9781845698126","Nanocoatings and Ultra-Thin Films",2011,,"Woodhead Publishing Series in Metals and Surface Engineering","Woodhead Publishing",,"http://www.sciencedirect.com/science/book/9781845698126"
"9781845699550","Building Materials in Civil Engineering",2011,,"Woodhead Publishing Series in Civil and Structural Engineering","Woodhead Publishing",,"http://www.sciencedirect.com/science/book/9781845699550"
"9781845699666","Tribocorrosion of Passive Metals and Coatings",2011,,"Woodhead Publishing Series in Metals and Surface Engineering","Woodhead Publishing",,"http://www.sciencedirect.com/science/book/9781845699666"
"9781845699925","Aerodynamic Measurements",2011,,"Woodhead Publishing Series in Food Science, Technology and Nutrition","Woodhead Publishing",,"http://www.sciencedirect.com/science/book/9781845699925"
"9780857091000","Superplasticity and Grain Boundaries in Ultrafine-Grained Materials",2011,,"Woodhead Publishing Series in Metals and Surface Engineering","Woodhead Publishing",,"http://www.sciencedirect.com/science/book/9780857091000"
"9780857092212","Polymer Matrix Composites and Technology",2011,,"Woodhead Publishing Series in Composites Science and Engineering","Woodhead Publishing",,"http://www.sciencedirect.com/science/book/9780857092212"
"9781845695781","High-Temperature Superconductors",2011,,"Woodhead Publishing Series in Electronic and Optical Materials","Woodhead Publishing",,"http://www.sciencedirect.com/science/book/9781845695781"
"9781845695880","Injectable Biomaterials",2011,,"Woodhead Publishing Series in Biomaterials","Woodhead Publishing",,"http://www.sciencedirect.com/science/book/9781845695880"
"9781845695903","Biomedical Hydrogels",2011,,"Woodhead Publishing Series in Biomaterials","Woodhead Publishing",,"http://www.sciencedirect.com/science/book/9781845695903"
"9781845696245","Bioactive Materials in Medicine",2011,,"Woodhead Publishing Series in Biomaterials","Woodhead Publishing",,"http://www.sciencedirect.com/science/book/9781845696245"
"9781845696368","Textiles for Hygiene and Infection Control",2011,,"Woodhead Publishing Series in Textiles","Woodhead Publishing",,"http://www.sciencedirect.com/science/book/9781845696368"
"9781845696405","Surface Modification of Biomaterials",2011,,"Woodhead Publishing Series in Biomaterials","Woodhead Publishing",,"http://www.sciencedirect.com/science/book/9781845696405"
"9781845696535","Biomaterials for Artificial Organs",2011,,"Woodhead Publishing Series in Biomaterials","Woodhead Publishing",,"http://www.sciencedirect.com/science/book/9781845696535"
"9781845696566","Creep and Fatigue in Polymer Matrix Composites",2011,,"Woodhead Publishing Series in Composites Science and Engineering","Woodhead Publishing",,"http://www.sciencedirect.com/science/book/9781845696566"
"9781845696894","Silicon–Germanium (SiGe) Nanostructures",2011,,"Woodhead Publishing Series in Electronic and Optical Materials","Woodhead Publishing",,"http://www.sciencedirect.com/science/book/9781845696894"
"9781845696917","Handbook of Medical Textiles",2011,,"Woodhead Publishing Series in Textiles","Woodhead Publishing",,"http://www.sciencedirect.com/science/book/9781845696917"
"9781845697006","Advanced Wound Repair Therapies",2011,,"Woodhead Publishing Series in Biomaterials","Woodhead Publishing",,"http://www.sciencedirect.com/science/book/9781845697006"
"9781845697235","Functional Textiles for Improved Performance, Protection and Health",2011,,"Woodhead Publishing Series in Textiles","Woodhead Publishing",,"http://www.sciencedirect.com/science/book/9781845697235"
"9781845697365","Thin Film Growth",2011,,"Woodhead Publishing Series in Electronic and Optical Materials","Woodhead Publishing",,"http://www.sciencedirect.com/science/book/9781845697365"
"9781845697426","Interface Engineering of Natural Fibre Composites for Maximum Performance",2011,,"Woodhead Publishing Series in Composites Science and Engineering","Woodhead Publishing",,"http://www.sciencedirect.com/science/book/9781845697426"
"9781845697570","Specialist Yarn and Fabric Structures",2011,,"Woodhead Publishing Series in Textiles","Woodhead Publishing",,"http://www.sciencedirect.com/science/book/9781845697570"
"9781845697617","Polymer–Carbon Nanotube Composites",2011,,"Woodhead Publishing Series in Composites Science and Engineering","Woodhead Publishing",,"http://www.sciencedirect.com/science/book/9781845697617"
"9781845697624","Non-Crimp Fabric Composites",2011,,"Woodhead Publishing Series in Composites Science and Engineering","Woodhead Publishing",,"http://www.sciencedirect.com/science/book/9781845697624"
"9781845697686","Bioactive Glasses",2011,,"Woodhead Publishing Series in Biomaterials","Woodhead Publishing",,"http://www.sciencedirect.com/science/book/9781845697686"
"9781845699345","In Situ Characterization of Thin Film Growth",2011,,"Woodhead Publishing Series in Electronic and Optical Materials","Woodhead Publishing",,"http://www.sciencedirect.com/science/book/9781845699345"
"9781845699376","Electromigration in Thin Films and Electronic Devices",2011,,"Woodhead Publishing Series in Electronic and Optical Materials","Woodhead Publishing",,"http://www.sciencedirect.com/science/book/9781845699376"
"9781845699659","Composite Reinforcements for Optimum Performance",2011,,"Woodhead Publishing Series in Composites Science and Engineering","Woodhead Publishing",,"http://www.sciencedirect.com/science/book/9781845699659"
"9781845699901","Composite Joints and Connections",2011,,"Woodhead Publishing Series in Composites Science and Engineering","Woodhead Publishing",,"http://www.sciencedirect.com/science/book/9781845699901"
"9781843341314","Libraries and Society",2011,,"Chandos Information Professional Series","Chandos Publishing",,"http://www.sciencedirect.com/science/book/9781843341314"
"9781843342236","Managing People Globally",2011,,"Chandos Asian Studies Series","Chandos Publishing",,"http://www.sciencedirect.com/science/book/9781843342236"
"9781843344360","Do You Web 2.0?",2011,,"Woodhead Publishing Series in Textiles","Chandos Publishing",,"http://www.sciencedirect.com/science/book/9781843344360"
"9781843344957","Eve on Top",2011,,"Chandos Learning and Teaching Series","Chandos Publishing",,"http://www.sciencedirect.com/science/book/9781843344957"
"9781843345459","RFID for Libraries",2011,,"Chandos Information Professional Series","Chandos Publishing",,"http://www.sciencedirect.com/science/book/9781843345459"
"9781843345497","Doing Business Successfully in China",2011,,"Chandos Asian Studies Series","Chandos Publishing",,"http://www.sciencedirect.com/science/book/9781843345497"
"9781843345527","Human Resources Management in China",2011,,"Chandos Asian Studies Series","Chandos Publishing",,"http://www.sciencedirect.com/science/book/9781843345527"
"9781843345640","Human Capital Management Challenges in India",2011,,"Chandos Asian Studies Series","Chandos Publishing",,"http://www.sciencedirect.com/science/book/9781843345640"
"9781843345664","Project Management in Libraries, Archives and Museums",2011,,"Chandos Information Professional Series","Chandos Publishing",,"http://www.sciencedirect.com/science/book/9781843345664"
"9781843345688","Engaging Students with Archival and Digital Resources",2011,,"Chandos Information Professional Series","Chandos Publishing",,"http://www.sciencedirect.com/science/book/9781843345688"
"9781843345732","Student Feedback",2011,,"Chandos Learning and Teaching Series","Chandos Publishing",,"http://www.sciencedirect.com/science/book/9781843345732"
"9781843345800","Numeric Data Services and Sources for the General Reference Librarian",2011,,"Chandos Information Professional Series","Chandos Publishing",,"http://www.sciencedirect.com/science/book/9781843345800"
"9781843345824","iPhone Application Development",2011,,"Chandos Information Professional Series","Chandos Publishing",,"http://www.sciencedirect.com/science/book/9781843345824"
"9781843345848","Plagiarism Education and Prevention",2011,,"Chandos Information Professional Series","Chandos Publishing",,"http://www.sciencedirect.com/science/book/9781843345848"
"9781843345862","E-books in Academic Libraries",2011,,"Chandos Information Professional Series","Chandos Publishing",,"http://www.sciencedirect.com/science/book/9781843345862"
"9781843345954","Libraries for Users",2011,,"Chandos Information Professional Series","Chandos Publishing",,"http://www.sciencedirect.com/science/book/9781843345954"
"9781843345992","Managing Image Collections",2011,,"Chandos Information Professional Series","Chandos Publishing",,"http://www.sciencedirect.com/science/book/9781843345992"
"9781843346043","Knowledge Management for Sales and Marketing",2011,,"Chandos Information Professional Series","Chandos Publishing",,"http://www.sciencedirect.com/science/book/9781843346043"
"9781843346081","The Information and Knowledge Professional's Career Handbook",2011,,"Chandos Information Professional Series","Chandos Publishing",,"http://www.sciencedirect.com/science/book/9781843346081"
"9781843346098","Mid-Career Library and Information Professionals",2011,,"Chandos Information Professional Series","Chandos Publishing",,"http://www.sciencedirect.com/science/book/9781843346098"
"9781843346104","Information Literacy: Infiltrating the Agenda, Challenging Minds",2011,,"Chandos Information Professional Series","Chandos Publishing",,"http://www.sciencedirect.com/science/book/9781843346104"
"9781843346135","Special Libraries as Knowledge Management Centres",2011,,"Chandos Information Professional Series","Chandos Publishing",,"http://www.sciencedirect.com/science/book/9781843346135"
"9781843346159","Understanding Librarians",2011,,"Chandos Information Professional Series","Chandos Publishing",,"http://www.sciencedirect.com/science/book/9781843346159"
"9781843346166","Convergence of Libraries and Technology Organizations",2011,,"Chandos Information Professional Series","Chandos Publishing",,"http://www.sciencedirect.com/science/book/9781843346166"
"9781843346197","A Librarian’s Guide on How to Publish",2011,,"Chandos Information Professional Series","Chandos Publishing",,"http://www.sciencedirect.com/science/book/9781843346197"
"9781843346272","Information Literacy Instruction",2011,,"Chandos Information Professional Series","Chandos Publishing",,"http://www.sciencedirect.com/science/book/9781843346272"
"9781843346289","Truths and Half Truths",2011,,"Chandos Asian Studies Series","Chandos Publishing",,"http://www.sciencedirect.com/science/book/9781843346289"
"9781843346296","Becoming Confident Teachers",2011,,"Chandos Information Professional Series","Chandos Publishing",,"http://www.sciencedirect.com/science/book/9781843346296"
"9781843346302","Academic Branch Libraries in Changing Times",2011,,"Chandos Information Professional Series","Chandos Publishing",,"http://www.sciencedirect.com/science/book/9781843346302"
"9781843346319","China 2020",2011,,"Chandos Asian Studies Series","Chandos Publishing",,"http://www.sciencedirect.com/science/book/9781843346319"
"9781843346326","Recovery, Reframing, and Renewal",2011,,"Chandos Information Professional Series","Chandos Publishing",,"http://www.sciencedirect.com/science/book/9781843346326"
"9781843346357","Diversity Programming and Outreach for Academic Libraries",2011,,"Chandos Information Professional Series","Chandos Publishing",,"http://www.sciencedirect.com/science/book/9781843346357"
"9781843346395","Development and Reform of Higher Education in China",2011,,"Chandos Asian Studies Series","Chandos Publishing",,"http://www.sciencedirect.com/science/book/9781843346395"
"9781843346418","Information Dynamics in Virtual Worlds",2011,,"Chandos Information Professional Series","Chandos Publishing",,"http://www.sciencedirect.com/science/book/9781843346418"
"9781843346449","Qualitative Research and the Modern Library",2011,,"Chandos Information Professional Series","Chandos Publishing",,"http://www.sciencedirect.com/science/book/9781843346449"
"9781843346463","Technology and Knowledge Flow",2011,,"Chandos Information Professional Series","Chandos Publishing",,"http://www.sciencedirect.com/science/book/9781843346463"
"9781843346500","Organisational Culture for Information Managers",2011,,"Chandos Information Professional Series","Chandos Publishing",,"http://www.sciencedirect.com/science/book/9781843346500"
"9781843346548","Managing Your Library and its Quality",2011,,"Chandos Information Professional Series","Chandos Publishing",,"http://www.sciencedirect.com/science/book/9781843346548"
"9781843346562","Business Strategy and Corporate Governance in the Chinese Consumer Electronics Sector",2011,,"Chandos Asian Studies Series","Chandos Publishing",,"http://www.sciencedirect.com/science/book/9781843346562"
"9781843346623","Information Consulting",2011,,"Chandos Information Professional Series","Chandos Publishing",,"http://www.sciencedirect.com/science/book/9781843346623"
"9781907568077","Consumption and Management",2011,,,"Chandos Publishing",,"http://www.sciencedirect.com/science/book/9781907568077"
"9780123741332","Molecular Tools and Infectious Disease Epidemiology",2011,,,"Academic Press",,"http://www.sciencedirect.com/science/book/9780123741332"
"9780123821744","Introduction to International Disaster Management (Second Edition)",2011,,,"Butterworth-Heinemann",,"http://www.sciencedirect.com/science/book/9780123821744"
"9780750683661","Ludwig's Applied Process Design for Chemical and Petrochemical Plants (Fourth Edition), Volume 2",2010,,,"Gulf Professional Publishing",,"http://www.sciencedirect.com/science/book/9780750683661"
"9780123814753","Waste",2011,,,"Academic Press",,"http://www.sciencedirect.com/science/book/9780123814753"
"9780123850539","Tsunamis",2011,,,"Academic Press",,"http://www.sciencedirect.com/science/book/9780123850539"
"9780123738899","The Brain",2010,,,"Academic Press",,"http://www.sciencedirect.com/science/book/9780123738899"
"9780123851468","The Initial Psychotherapy Interview",2011,,,"Elsevier",,"http://www.sciencedirect.com/science/book/9780123851468"
"9781856177443","Sustainable Design Through Process Integration",2012,,,"Butterworth-Heinemann",,"http://www.sciencedirect.com/science/book/9781856177443"
"9780123850171","Architecture and Patterns for IT: Service Management, Resource Planning, and Governance (Second Edition)",2011,,,"Morgan Kaufmann",,"http://www.sciencedirect.com/science/book/9780123850171"
"9781597496476","Migrating to the Cloud",2012,,,"Syngress",,"http://www.sciencedirect.com/science/book/9781597496476"
"9780123847003","Pipe Drafting and Design (Third Edition)",2012,,,"Gulf Professional Publishing",,"http://www.sciencedirect.com/science/book/9780123847003"
"9780123851857","Analog Circuit Design: A Tutorial Guide to Applications and Solution",2011,,,"Newnes",,"http://www.sciencedirect.com/science/book/9780123851857"
"9780123855480","Advanced Reservoir Management and Engineering (Second Edition)",2011,,,"Gulf Professional Publishing",,"http://www.sciencedirect.com/science/book/9780123855480"
"9780123919168","Applied Welding Engineering",2012,,,"Butterworth-Heinemann",,"http://www.sciencedirect.com/science/book/9780123919168"
"9780123848581","Parasitoid Viruses",2012,,,"Academic Press",,"http://www.sciencedirect.com/science/book/9780123848581"
"9780123884299","Amorphous Chalcogenides",2012,,,"Elsevier",,"http://www.sciencedirect.com/science/book/9780123884299"
"9781437734690","Permeability Properties of Plastics and Elastomers (Third Edition)",2012,,"Plastics Design Library","William Andrew Publishing",,"http://www.sciencedirect.com/science/book/9781437734690"
"9780444533630","Heterogeneous Catalysis",2012,,,"Elsevier",,"http://www.sciencedirect.com/science/book/9780444533630"
"9781597496438","Digital Forensics for Legal Professionals",2012,,,"Syngress",,"http://www.sciencedirect.com/science/book/9781597496438"
"9780080969114","PIC Microcontrollers (Third Edition)",2012,,,"Newnes",,"http://www.sciencedirect.com/science/book/9780080969114"
"9780123846983","Game Theory and Learning for Wireless Networks",2011,,,"Academic Press",,"http://www.sciencedirect.com/science/book/9780123846983"
"9780123864604","Crime Reconstruction (Second Edition)",2011,,,"Academic Press",,"http://www.sciencedirect.com/science/book/9780123864604"
"9780444534460","Geomorphological Mapping",2011,"0928-2025","Developments in Earth Surface Processes","Elsevier",,"http://www.sciencedirect.com/science/book/9780444534460"
"9780123847478","Insect Molecular Biology and Biochemistry",2012,,,"Academic Press",,"http://www.sciencedirect.com/science/book/9780123847478"
"9780123918659","Agronomy and Economy of Black Pepper and Cardamom",2011,,,"Elsevier",,"http://www.sciencedirect.com/science/book/9780123918659"
"9781437735161","Cyclura",2012,,,"Academic Press",,"http://www.sciencedirect.com/science/book/9781437735161"
"9780123820044","Dyneins",2011,,,"Academic Press",,"http://www.sciencedirect.com/science/book/9780123820044"
"9780444517876","Philosophy of Medicine",2011,,,"North-Holland",,"http://www.sciencedirect.com/science/book/9780444517876"
"9780444531612","Product and Process Modelling",2011,,,"Elsevier",,"http://www.sciencedirect.com/science/book/9780444531612"
"9781437744576","Fluorinated Ionomers (Second Edition)",2011,,,"William Andrew Publishing",,"http://www.sciencedirect.com/science/book/9781437744576"
"9780123725127","Heuristic Search",2012,,,"Morgan Kaufmann",,"http://www.sciencedirect.com/science/book/9780123725127"
"9780123859150","Systems Thinking (Third Edition)",2012,,,"Morgan Kaufmann",,"http://www.sciencedirect.com/science/book/9780123859150"
"9781597495721","Thor's Microsoft Security Bible",2011,,,"Syngress",,"http://www.sciencedirect.com/science/book/9781597495721"
"9780123859563","Evidence-Based Climate Science",2011,,,"Elsevier",,"http://www.sciencedirect.com/science/book/9780123859563"
"9781856179805","Gas Dehydration Field Manual",2011,,,"Gulf Professional Publishing",,"http://www.sciencedirect.com/science/book/9781856179805"
"9781856179843","Produced Water Treatment Field Manual",2011,,,"Gulf Professional Publishing",,"http://www.sciencedirect.com/science/book/9781856179843"
"9780123821928","IMS Application Developer's Handbook",2011,,,"Academic Press",,"http://www.sciencedirect.com/science/book/9780123821928"
"9780123870292","Up and Running with AutoCAD 2012 (Second Edition)",2012,,,"Academic Press",,"http://www.sciencedirect.com/science/book/9780123870292"
"9780123756626","Numerical Methods and Optimization in Finance",2011,,,"Academic Press",,"http://www.sciencedirect.com/science/book/9780123756626"
"9780080968094","Extractive Metallurgy of Nickel, Cobalt and Platinum Group Metals",2011,,,"Elsevier",,"http://www.sciencedirect.com/science/book/9780080968094"
"9780123742261","Human Motor Control (Second Edition)",2009,,,"Academic Press",,"http://www.sciencedirect.com/science/book/9780123742261"
"9780123743480","Evidence-Based Addiction Treatment",2009,,,"Academic Press",,"http://www.sciencedirect.com/science/book/9780123743480"
"9780080968056","{Progress in Heterocyclic Chemistry, Volume 23}",2011,"0959-6380","Progress in Heterocyclic Chemistry","Elsevier",,"http://www.sciencedirect.com/science/book/9780080968056"
"9780444537577","Evolution of Earth and its Climate: Birth, Life and Death of Earth",2011,"1571-9197","Developments in Earth and Environmental Sciences","Elsevier",,"http://www.sciencedirect.com/science/book/9780444537577"
"9780123814791","Data Mining: Concepts and Techniques (Third Edition)",2012,,"The Morgan Kaufmann Series in Data Management Systems","Morgan Kaufmann",,"http://www.sciencedirect.com/science/book/9780123814791"
"9780123814203","Multidimensional Signal, Image, and Video Processing and Coding (Second Edition)",2011,,,"Academic Press",,"http://www.sciencedirect.com/science/book/9780123814203"
"9780123858788","Engineering Rock Mass Classification",2012,,,"Butterworth-Heinemann",,"http://www.sciencedirect.com/science/book/9780123858788"
"9780123860293","Rape Investigation Handbook (Second Edition)",2011,,,"Academic Press",,"http://www.sciencedirect.com/science/book/9780123860293"
"9781437778670","Vacuum Deposition onto Webs, Films and Foils (Second Edition)",2011,,,"William Andrew Publishing",,"http://www.sciencedirect.com/science/book/9781437778670"
"9780123877321","“Venomous” Bites from Non-Venomous Snakes",2011,,,"Elsevier",,"http://www.sciencedirect.com/science/book/9780123877321"
"9780123724861","Food Preservation Process Design",2011,,,"Academic Press",,"http://www.sciencedirect.com/science/book/9780123724861"
"9780123821881","Statistical Mechanics (Third Edition)",2011,,,"Academic Press",,"http://www.sciencedirect.com/science/book/9780123821881"
"9780444537249","The Western Alps, from Rift to Passive Margin to Orogenic Belt",2011,"0928-2025","Developments in Earth Surface Processes","Elsevier",,"http://www.sciencedirect.com/science/book/9780444537249"
"9780123813619","Comparative Anatomy and Histology",2012,,,"Academic Press",,"http://www.sciencedirect.com/science/book/9780123813619"
"9780124158306","Molecular Pathology of Pituitary Adenomas",2012,,,"Elsevier",,"http://www.sciencedirect.com/science/book/9780124158306"
"9780080971148","Solid-Liquid Filtration",2011,,,"Butterworth-Heinemann",,"http://www.sciencedirect.com/science/book/9780080971148"
"9781437735185","Safety and Security Review for the Process Industries (Third Edition)",2012,,,"William Andrew Publishing",,"http://www.sciencedirect.com/science/book/9781437735185"
"9781597497251","Moving To The Cloud",2012,,,"Syngress",,"http://www.sciencedirect.com/science/book/9781597497251"
"9780123869173","The Future of the World's Climate (Second Edition)",2012,,,"Elsevier",,"http://www.sciencedirect.com/science/book/9780123869173"
"9780123859365","Offshore Wind",2012,,,"Elsevier",,"http://www.sciencedirect.com/science/book/9780123859365"
"9780080971384","The Circuit Designer's Companion (Third Edition)",2012,,,"Newnes",,"http://www.sciencedirect.com/science/book/9780080971384"
"9780080971704","A Guide to the Collision Avoidance Rules (Seventh Edition)",2012,,,"Butterworth-Heinemann",,"http://www.sciencedirect.com/science/book/9780080971704"
"9780123809186","Network Coding",2012,,,"Academic Press",,"http://www.sciencedirect.com/science/book/9780123809186"
"9781437734713","Nano Optoelectronic Sensors and Devices",2011,,"Micro and Nano Technologies","William Andrew Publishing",,"http://www.sciencedirect.com/science/book/9781437734713"
"9781455778621","Emerging Nanotechnologies in Dentistry",2012,,,"William Andrew Publishing",,"http://www.sciencedirect.com/science/book/9781455778621"
"9780123744487","Elements of Financial Risk Management (Second Edition)",2012,,,"Academic Press",,"http://www.sciencedirect.com/science/book/9780123744487"
"9780123846846","Virus Taxonomy: Ninth Report of the International Committee on Taxonomy of Viruses",2011,,,"Elsevier",,"http://www.sciencedirect.com/science/book/9780123846846"
"9780123877154","Models of Protection Against HIV/SIV",2011,,,"Academic Press",,"http://www.sciencedirect.com/science/book/9780123877154"
"9780123859068","Silicon Carbide Biotechnology",2012,,,"Elsevier",,"http://www.sciencedirect.com/science/book/9780123859068"
"9780123852182","Zeta and q-Zeta Functions and Associated Series and Integrals",2012,,,"Elsevier",,"http://www.sciencedirect.com/science/book/9780123852182"
"9780124158269","Harmonic Vector Fields",2011,,,"Elsevier",,"http://www.sciencedirect.com/science/book/9780124158269"
"9780444516756","Philosophy of Chemistry",2012,,,"North-Holland",,"http://www.sciencedirect.com/science/book/9780444516756"
"9780123851871","The Common Extremalities in Biology and Physics (Second Edition)",2012,,,"Elsevier",,"http://www.sciencedirect.com/science/book/9780123851871"
"9780444535634","Fuel Cells: Technologies for Fuel Processing",2011,,,"Elsevier",,"http://www.sciencedirect.com/science/book/9780444535634"
"9780323063982","Medical Secrets (Fifth Edition)",2012,,,"Mosby",,"http://www.sciencedirect.com/science/book/9780323063982"
"9780443101267","Integrated Sports Massage Therapy",2011,,,"Churchill Livingstone",,"http://www.sciencedirect.com/science/book/9780443101267"
"9780702035289","Neck and Arm Pain Syndromes",2011,,,"Churchill Livingstone",,"http://www.sciencedirect.com/science/book/9780702035289"
"9780723436539","State-of-the-Art Orthodontics",2011,,,"Mosby",,"http://www.sciencedirect.com/science/book/9780723436539"
"9780723436027","Color Atlas of Diseases and Disorders of Cattle (Third Edition)",2011,,,"Mosby",,"http://www.sciencedirect.com/science/book/9780723436027"
"9781437706543","Fluid, Electrolyte, and Acid-Base Disorders in Small Animal Practice (Fourth Edition)",2012,,,"W.B. Saunders",,"http://www.sciencedirect.com/science/book/9781437706543"
"9781437719864","Fowler's Zoo and Wild Animal Medicine",2012,,,"W.B. Saunders",,"http://www.sciencedirect.com/science/book/9781437719864"
"9780123813510","Insect Ecology (Third Edition)",2011,,,"Academic Press",,"http://www.sciencedirect.com/science/book/9780123813510"
"9780123849359","Peptide and Protein Delivery",2011,,,"Academic Press",,"http://www.sciencedirect.com/science/book/9780123849359"
"9780080966786","Semi-Active Suspension Control Design for Vehicles",2011,,,"Butterworth-Heinemann",,"http://www.sciencedirect.com/science/book/9780080966786"
"9780123749482","Mergers and Acquisitions Basics: All You Need To Know",2011,,,"Academic Press",,"http://www.sciencedirect.com/science/book/9780123749482"
"9780123749499","Mergers and Acquisitions Basics: Negotiation and Deal Structuring",2011,,,"Academic Press",,"http://www.sciencedirect.com/science/book/9780123749499"
"9780123814098","Essential Neuromodulation",2011,,,"Academic Press",,"http://www.sciencedirect.com/science/book/9780123814098"
"9780080966854","{Progress in Heterocyclic Chemistry, Volume 22}",2011,"0959-6380","Progress in Heterocyclic Chemistry","Elsevier",,"http://www.sciencedirect.com/science/book/9780080966854"
"9780444536075","Developments in Palygorskite-Sepiolite Research",2011,"1572-4352","Developments in Clay Science","Elsevier",,"http://www.sciencedirect.com/science/book/9780444536075"
"9788131222973","Protein Bioinformatics",2010,,,"Academic Press",,"http://www.sciencedirect.com/science/book/9788131222973"
"9780123819789","Vitamin D (Third Edition)",2011,,,"Academic Press",,"http://www.sciencedirect.com/science/book/9780123819789"
"9780123838445","Petroleum Engineer's Guide to Oil Field Chemicals and Fluids",2012,,,"Gulf Professional Publishing",,"http://www.sciencedirect.com/science/book/9780123838445"
"9780444516732","Philosophy of Ecology",2011,,"Handbook of the Philosophy of Science","North-Holland",,"http://www.sciencedirect.com/science/book/9780444516732"
"9780444538642","{Advances in Molecular Toxicology, Volume 5}",2011,"1872-0854","Advances in Molecular Toxicology","Elsevier",,"http://www.sciencedirect.com/science/book/9780444538642"
"9780444563750","Introduction to Volcanic Seismology (Second Edition)",2012,,,"Elsevier",,"http://www.sciencedirect.com/science/book/9780444563750"
"9780123819604","Measurement and Instrumentation",2012,,,"Butterworth-Heinemann",,"http://www.sciencedirect.com/science/book/9780123819604"
"9780123838421","Gas Turbine Engineering Handbook (Fourth Edition)",2011,,,"Butterworth-Heinemann",,"http://www.sciencedirect.com/science/book/9780123838421"
"9780123865250","Primer on the Autonomic Nervous System (Third Edition)",2012,,,"Academic Press",,"http://www.sciencedirect.com/science/book/9780123865250"
"9780444529039","Neuro-ophthalmology",2011,"0072-9752","Handbook of Clinical Neurology","Elsevier",,"http://www.sciencedirect.com/science/book/9780444529039"
"9780702035746","Weedon's Skin Pathology Essentials",2012,,,"Churchill Livingstone",,"http://www.sciencedirect.com/science/book/9780702035746"
"9780123849052","Marschner's Mineral Nutrition of Higher Plants (Third Edition)",2012,,,"Academic Press",,"http://www.sciencedirect.com/science/book/9780123849052"
"9780444535580","Biointerface Characterization by Advanced IR Spectroscopy",2011,,,"Elsevier",,"http://www.sciencedirect.com/science/book/9780444535580"
"9781597496049","Web Application Obfuscation",2010,,,"Syngress",,"http://www.sciencedirect.com/science/book/9781597496049"
"9780444528643","Earth's Magnetosphere",2011,,,"Elsevier",,"http://www.sciencedirect.com/science/book/9780444528643"
"9780444535672","Fundamentals of Ecological Modelling",2011,"0167-8892","Developments in Environmental Modelling","Elsevier",,"http://www.sciencedirect.com/science/book/9780444535672"
"9780444534255","Superconductivity in New Materials",2011,"1572-0934","Contemporary Concepts of Condensed Matter Science","Elsevier",,"http://www.sciencedirect.com/science/book/9780444534255"
"9780123814708","Novel Thermal and Non-Thermal Technologies for Fluid Foods",2012,,,"Academic Press",,"http://www.sciencedirect.com/science/book/9780123814708"
"9781437735208","Micromixers (Second Edition)",2012,,,"William Andrew Publishing",,"http://www.sciencedirect.com/science/book/9781437735208"
"9780123877666","Heterogeneous Computing with OpenCL",2011,,,"Morgan Kaufmann",,"http://www.sciencedirect.com/science/book/9780123877666"
"9780123884268","CUDA Application Design and Development",2012,,,"Morgan Kaufmann",,"http://www.sciencedirect.com/science/book/9780123884268"
"9780120887590","Introduction to Geophysical Fluid Dynamics",2011,"0074-6142","International Geophysics","Academic Press",,"http://www.sciencedirect.com/science/book/9780120887590"
"9780123813756","Introduction to Optimum Design (Third Edition)",2012,,,"Academic Press",,"http://www.sciencedirect.com/science/book/9780123813756"
"9780123877093","Hydrogen and Fuel Cells (Second Edition)",2012,,"Sustainable World","Academic Press",,"http://www.sciencedirect.com/science/book/9780123877093"
"9781856179829","Gas Sweetening and Processing Field Manual",2011,,,"Gulf Professional Publishing",,"http://www.sciencedirect.com/science/book/9781856179829"
"9780123813831","Biofluid Mechanics",2012,,"Biomedical Engineering","Academic Press",,"http://www.sciencedirect.com/science/book/9780123813831"
"9780123821768","Concrete Portable Handbook",2011,,,"Butterworth-Heinemann",,"http://www.sciencedirect.com/science/book/9780123821768"
"9780123876836","Up and Running with AutoCAD 2012: 2D version",2012,,,"Academic Press",,"http://www.sciencedirect.com/science/book/9780123876836"
"9780123745132","Advanced Topics in Forensic DNA Typing: Methodology",2012,,,"Academic Press",,"http://www.sciencedirect.com/science/book/9780123745132"
"9781437778830","Developments in Surface Contamination and Cleaning: Detection, Characterization, and Analysis of Contaminants",2012,,,"William Andrew Publishing",,"http://www.sciencedirect.com/science/book/9781437778830"
"9780123869845","Infrared and Raman Spectroscopy",2011,,,"Elsevier",,"http://www.sciencedirect.com/science/book/9780123869845"
"9780123852021","Logistics Operations and Management",2011,,,"Elsevier",,"http://www.sciencedirect.com/science/book/9780123852021"
"9780123854773","The Definitive Guide to the ARM Cortex-M0",2011,,,"Newnes",,"http://www.sciencedirect.com/science/book/9780123854773"
"9780123822413","Shooting Incident Reconstruction (Second Edition)",2011,,,"Academic Press",,"http://www.sciencedirect.com/science/book/9780123822413"
"9780123815378","Global Clinical Trials",2011,,,"Academic Press",,"http://www.sciencedirect.com/science/book/9780123815378"
"9780123750211","Molecular Wine Microbiology",2011,,,"Academic Press",,"http://www.sciencedirect.com/science/book/9780123750211"
"9780444532244","Industrial Biofouling",2011,,,"Elsevier",,"http://www.sciencedirect.com/science/book/9780444532244"
"9781437778427","Risks of Hazardous Wastes",2011,,,"William Andrew Publishing",,"http://www.sciencedirect.com/science/book/9781437778427"
"9780123851260","Data Architecture",2011,,,"Morgan Kaufmann",,"http://www.sciencedirect.com/science/book/9780123851260"
"9780123851444","Ultrahigh-Pressure Metamorphism",2011,,,"Elsevier",,"http://www.sciencedirect.com/science/book/9780123851444"
"9780123744838","Wireless Communications Over Rapidly Time-Varying Channels",2011,,,"Academic Press",,"http://www.sciencedirect.com/science/book/9780123744838"
"9780123851222","Stability of Structures",2011,,,"Butterworth-Heinemann",,"http://www.sciencedirect.com/science/book/9780123851222"
"9780444515759","Exploring Monte Carlo Methods",2011,,,"Elsevier",,"http://www.sciencedirect.com/science/book/9780444515759"
"9780444528827","Lead-Acid Batteries: Science and Technology",2011,,,"Elsevier",,"http://www.sciencedirect.com/science/book/9780444528827"
"9781597496537","The Basics of Information Security",2011,,,"Syngress",,"http://www.sciencedirect.com/science/book/9781597496537"
"9781597496599","iPhone and iOS Forensics",2011,,,"Syngress",,"http://www.sciencedirect.com/science/book/9781597496599"
"9780123855466","Petroleum Rock Mechanics",2012,,,"Gulf Professional Publishing",,"http://www.sciencedirect.com/science/book/9780123855466"
"9781437778892","Adhesives Technology for Electronic Applications (Second Edition)",2011,,"Materials and Processes for Electronic Applications","William Andrew Publishing",,"http://www.sciencedirect.com/science/book/9781437778892"
"9781597496513","Android Forensics",2011,,,"Syngress",,"http://www.sciencedirect.com/science/book/9781597496513"
"9780123877796","Kinetic Boltzmann, Vlasov and Related Equations",2011,,,"Elsevier",,"http://www.sciencedirect.com/science/book/9780123877796"
"9780444518620","Philosophy of Statistics",2011,,,"North-Holland",,"http://www.sciencedirect.com/science/book/9780444518620"
"9780080963556","Atomic and Molecular Manipulation",2011,"1876-2778","Frontiers of Nanoscience","Elsevier",,"http://www.sciencedirect.com/science/book/9780080963556"
"9780123809209","The Laboratory Rabbit, Guinea Pig, Hamster, and Other Rodents",2012,,"American College of Laboratory Animal Medicine","Academic Press",,"http://www.sciencedirect.com/science/book/9780123809209"
"9780123785916","Global UX",2011,,,"Morgan Kaufmann",,"http://www.sciencedirect.com/science/book/9780123785916"
"9780444530004","Deep-Sea Sediments",2011,"0070-4571","Developments in Sedimentology","Elsevier",,"http://www.sciencedirect.com/science/book/9780444530004"
"9780123878199","Growth Factors and Their Receptors in Cell Differentiation, Cancer and Cancer Therapy",2011,,,"Elsevier",,"http://www.sciencedirect.com/science/book/9780123878199"
"9780444537218","Best Practices for Environmental Project Teams",2011,,,"Elsevier",,"http://www.sciencedirect.com/science/book/9780444537218"
"9780123850812","Matlab (Second Edition)",2012,,,"Butterworth-Heinemann",,"http://www.sciencedirect.com/science/book/9780123850812"
"9781437735147","Applied Plastics Engineering Handbook",2011,,"Plastics Design Library","William Andrew Publishing",,"http://www.sciencedirect.com/science/book/9781437735147"
"9780080967899","Extractive Metallurgy of Copper (Fifth Edition)",2011,,,"Elsevier",,"http://www.sciencedirect.com/science/book/9780080967899"
"9780443069673","Brain Tumors (Third Edition)",2011,,,"W.B. Saunders",,"http://www.sciencedirect.com/science/book/9780443069673"
"9780323068956","Contemporary Esthetic Dentistry",2012,,,"Mosby",,"http://www.sciencedirect.com/science/book/9780323068956"
"9781437706574","Small Animal Clinical Diagnosis by Laboratory Methods (Fifth Edition)",2012,,,"W.B. Saunders",,"http://www.sciencedirect.com/science/book/9781437706574"
"9780444535849","{Advances in Molecular Toxicology, Volume 4}",2010,"1872-0854","Advances in Molecular Toxicology","Elsevier",,"http://www.sciencedirect.com/science/book/9780444535849"
"9780123820181","Pulse Foods",2011,,,"Academic Press",,"http://www.sciencedirect.com/science/book/9780123820181"
"9780123744944","Architecture of Network Systems",2011,,,"Morgan Kaufmann",,"http://www.sciencedirect.com/science/book/9780123744944"
"9780123820204","Database Modeling and Design (Fifth Edition)",2011,,"The Morgan Kaufmann Series in Data Management Systems","Morgan Kaufmann",,"http://www.sciencedirect.com/science/book/9780123820204"
"9780123822314","Brave NUI World",2011,,,"Morgan Kaufmann",,"http://www.sciencedirect.com/science/book/9780123822314"
"9780123750495","{Interface Science and Technology, Volume 18}",2011,"1573-4285","Interface Science and Technology","Elsevier",,"http://www.sciencedirect.com/science/book/9780123750495"
"9780123808868","Flour and Breads and their Fortification in Health and Disease Prevention",2011,,,"Academic Press",,"http://www.sciencedirect.com/science/book/9780123808868"
"9780123705815","Structural Biology Using Electrons and X-rays",2011,,,"Academic Press",,"http://www.sciencedirect.com/science/book/9780123705815"
"9780123748560","Data Mining (Third Edition)",2011,,"The Morgan Kaufmann Series in Data Management Systems","Morgan Kaufmann",,"http://www.sciencedirect.com/science/book/9780123748560"
"9780123751065","Developing High Quality Data Models",2011,,,"Morgan Kaufmann",,"http://www.sciencedirect.com/science/book/9780123751065"
"9781597496254","Securing SQL Server",2011,,,"Syngress",,"http://www.sciencedirect.com/science/book/9781597496254"
"9780080966748","Hydraulics and Pneumatics (Third Edition)",2011,,,"Butterworth-Heinemann",,"http://www.sciencedirect.com/science/book/9780080966748"
"9781437744613","Handbook of Adhesives and Surface Preparation",2011,,,"William Andrew Publishing",,"http://www.sciencedirect.com/science/book/9781437744613"
"9780123814265","Field Guide to Freshwater Invertebrates of North America",2011,,,"Academic Press",,"http://www.sciencedirect.com/science/book/9780123814265"
"9780123748386","An Introduction to Trading in the Financial Markets: Market Basics",2011,,,"Academic Press",,"http://www.sciencedirect.com/science/book/9780123748386"
"9780123748393","An Introduction to Trading in the Financial Markets: Trading, Markets, Instruments, and Processes",2011,,,"Academic Press",,"http://www.sciencedirect.com/science/book/9780123748393"
"9780123750822","International Investments in Private Equity",2011,,,"Academic Press",,"http://www.sciencedirect.com/science/book/9780123750822"
"9781597495806","Windows Registry Forensics",2011,,,"Syngress",,"http://www.sciencedirect.com/science/book/9781597495806"
"9781597496131","Cybercrime and Espionage",2011,,,"Syngress",,"http://www.sciencedirect.com/science/book/9781597496131"
"9781597496230","XBOX 360 Forensics",2011,,,"Syngress",,"http://www.sciencedirect.com/science/book/9781597496230"
"9780123846525","Traveling Wave Analysis of Partial Differential Equations",2011,,,"Academic Press",,"http://www.sciencedirect.com/science/book/9780123846525"
"9780123849564","Introductory Statistical Thermodynamics",2011,,,"Academic Press",,"http://www.sciencedirect.com/science/book/9780123849564"
"9780123849588","Computability Theory",2011,,,"Academic Press",,"http://www.sciencedirect.com/science/book/9780123849588"
"9780123838803","Geothermal Reservoir Engineering (Second Edition)",2011,,,"Academic Press",,"http://www.sciencedirect.com/science/book/9780123838803"
"9780123819574","Applied Drilling Circulation Systems",2011,,,"Gulf Professional Publishing",,"http://www.sciencedirect.com/science/book/9780123819574"
"9780080966724","Introduction to Dislocations (Fifth Edition)",2011,,,"Butterworth-Heinemann",,"http://www.sciencedirect.com/science/book/9780080966724"
"9780123820327","Reproductive and Developmental Toxicology",2011,,,"Academic Press",,"http://www.sciencedirect.com/science/book/9780123820327"
"9780123838742","Classical and Quantum Information",2011,,,"Academic Press",,"http://www.sciencedirect.com/science/book/9780123838742"
"9780124160255","Basic Equations of the Mass Transport through a Membrane Layer",2012,,,"Elsevier",,"http://www.sciencedirect.com/science/book/9780124160255"
"9781597496650","Low Tech Hacking",2012,,,"Syngress",,"http://www.sciencedirect.com/science/book/9781597496650"
"9780123884466","Nuclear Safety in Light Water Reactors",2012,,,"Academic Press",,"http://www.sciencedirect.com/science/book/9780123884466"
"9780123852144","Lifelong Learning for Engineers and Scientists in the Information Age",2012,,,"Elsevier",,"http://www.sciencedirect.com/science/book/9780123852144"
"9780124158016","Universe, Human Immortality and Future Human Evaluation",2012,,,"Elsevier",,"http://www.sciencedirect.com/science/book/9780124158016"
"9781437734614","Fluoropolymer Additives",2012,,,"William Andrew Publishing",,"http://www.sciencedirect.com/science/book/9781437734614"
"9780123851420","Functional Materials",2012,,,"Elsevier",,"http://www.sciencedirect.com/science/book/9780123851420"
"9780124160293","The Scientific Foundation of Neuropsychological Assessment",2012,,,"Elsevier",,"http://www.sciencedirect.com/science/book/9780124160293"
"9780080450315","Muscular Dystrophies",2011,"0072-9752","Handbook of Clinical Neurology","Elsevier",,"http://www.sciencedirect.com/science/book/9780080450315"
"9780444520142","Hyperkinetic Movement Disorders",2011,"0072-9752","Handbook of Clinical Neurology","Elsevier",,"http://www.sciencedirect.com/science/book/9780444520142"
"9780444538956","21st European Symposium on Computer Aided Process Engineering",2011,"1570-7946","Computer Aided Chemical Engineering","Elsevier",,"http://www.sciencedirect.com/science/book/9780444538956"
"9780444537966","Physical Properties of Rocks",2011,"1567-8032","Handbook of Petroleum Exploration and Production","Elsevier",,"http://www.sciencedirect.com/science/book/9780444537966"
"9780123849991","DNA Repair in Cancer Therapy",2012,,,"Academic Press",,"http://www.sciencedirect.com/science/book/9780123849991"
"9780444538925","Pyrolysis–GC/MS Data Book of Synthetic Polymers",2012,,,"Elsevier",,"http://www.sciencedirect.com/science/book/9780444538925"
"9780123855022","Design Research Through Practice",2012,,,"Morgan Kaufmann",,"http://www.sciencedirect.com/science/book/9780123855022"
"9780080971506","Practical Ship Hydrodynamics (Second Edition)",2012,,,"Butterworth-Heinemann",,"http://www.sciencedirect.com/science/book/9780080971506"
"9780123860019","Electrical Engineering 101 (Third Edition)",2012,,,"Newnes",,"http://www.sciencedirect.com/science/book/9780123860019"
"9780123854858","Mergers, Acquisitions, and Other Restructuring Activities (Sixth Edition)",2011,,,"Academic Press",,"http://www.sciencedirect.com/science/book/9780123854858"
"9781437778632","Assessing Nanoparticle Risks to Human Health",2011,,,"William Andrew Publishing",,"http://www.sciencedirect.com/science/book/9781437778632"
"9780123849649","Challenges in Delivery of Therapeutic Genomics and Proteomics",2011,,,"Elsevier",,"http://www.sciencedirect.com/science/book/9780123849649"
"9780123736284","Gas Chromatography and Mass Spectrometry (Second Edition)",2011,,,"Academic Press",,"http://www.sciencedirect.com/science/book/9780123736284"
"9781437717037","Therapy in Sleep Medicine",2012,,,"W.B. Saunders",,"http://www.sciencedirect.com/science/book/9781437717037"
"9780323066990","Communication Disorders in Multicultural and International Populations (Fourth Edition)",2012,,,"Mosby",,"http://www.sciencedirect.com/science/book/9780323066990"
"9780323072014","Cognition and Acquired Language Disorders",2012,,,"Mosby",,"http://www.sciencedirect.com/science/book/9780323072014"
"9781437708677","Equine Surgery (Fourth Edition)",2012,,,"W.B. Saunders",,"http://www.sciencedirect.com/science/book/9781437708677"
"9780080969923","Starting Electronics (Fourth Edition)",2011,,,"Newnes",,"http://www.sciencedirect.com/science/book/9780080969923"
"9780123870209","Bayesian Population Analysis using WinBUGS",2012,,,"Academic Press",,"http://www.sciencedirect.com/science/book/9780123870209"
"9781437734638","Human Toxicology of Chemical Mixtures (Second Edition)",2011,,,"William Andrew Publishing",,"http://www.sciencedirect.com/science/book/9781437734638"
"9781856176989","Workplace Violence",2010,,,"Butterworth-Heinemann",,"http://www.sciencedirect.com/science/book/9781856176989"
"9780123809308","Thoughts on Interaction Design (Second Edition)",2011,,,"Morgan Kaufmann",,"http://www.sciencedirect.com/science/book/9780123809308"
"9780444515544","Lead and Public Health",2011,"1875-1121","Trace Metals and other Contaminants in the Environment","Elsevier",,"http://www.sciencedirect.com/science/book/9780444515544"
"9780123740168","Atlas of Zebrafish Development",2012,,,"Academic Press",,"http://www.sciencedirect.com/science/book/9780123740168"
"9780123751386","Therapeutic Applications of Quadruplex Nucleic Acids",2012,,,"Academic Press",,"http://www.sciencedirect.com/science/book/9780123751386"
"9780444537782","Solvent Extraction",2012,,,"Elsevier",,"http://www.sciencedirect.com/science/book/9780444537782"
"9781437778694","Sittig's Handbook of Toxic and Hazardous Chemicals and Carcinogens (Sixth Edition)",2012,,,"William Andrew Publishing",,"http://www.sciencedirect.com/science/book/9781437778694"
"9780123749932","Key Concepts in Environmental Chemistry",2012,,,"Academic Press",,"http://www.sciencedirect.com/science/book/9780123749932"
"9780123869852","OCEB Certification Guide",2012,,,"Morgan Kaufmann",,"http://www.sciencedirect.com/science/book/9780123869852"
"9781597497299","Coding for Penetration Testers",2012,,,"Syngress",,"http://www.sciencedirect.com/science/book/9781597497299"
"9780123869364","Polymer Electrolyte Fuel Cell Degradation",2012,,,"Academic Press",,"http://www.sciencedirect.com/science/book/9780123869364"
"9780124157798","Overview of Industrial Process Automation",2011,,,"Elsevier",,"http://www.sciencedirect.com/science/book/9780124157798"
"9780123850362","Digital Terrain Analysis in Soil Science and Geology",2012,,,"Academic Press",,"http://www.sciencedirect.com/science/book/9780123850362"
"9780123918864","Environmental Data Analysis with MatLab",2012,,,"Elsevier",,"http://www.sciencedirect.com/science/book/9780123918864"
"9780123884374","Comparative Osteology",2012,,,"Academic Press",,"http://www.sciencedirect.com/science/book/9780123884374"
"9780123750976","Handbook of Neuroendocrinology",2012,,,"Academic Press",,"http://www.sciencedirect.com/science/book/9780123750976"
"9780120885428","Storm and Cloud Dynamics",2011,"0074-6142","International Geophysics","Academic Press",,"http://www.sciencedirect.com/science/book/9780120885428"
"9780444536457","The Sea of Lost Opportunity: North Sea Oil and Gas, British Industry and the Offshore Supplies Office",2011,"1567-8032","Handbook of Petroleum Exploration and Production","Elsevier",,"http://www.sciencedirect.com/science/book/9780444536457"
"9780080453293","Supercritical Fluids and Organometallic Compounds",2011,,"Supercritical Fluid Science and Technology","Elsevier",,"http://www.sciencedirect.com/science/book/9780080453293"
"9780123850225","Statistical Methods in the Atmospheric Sciences",2011,"0074-6142","International Geophysics","Academic Press",,"http://www.sciencedirect.com/science/book/9780123850225"
"9780123850997","Biofuels",2011,,,"Academic Press",,"http://www.sciencedirect.com/science/book/9780123850997"
"9780123849236","Deploying Next Generation Multicast-enabled Applications",2011,,,"Morgan Kaufmann",,"http://www.sciencedirect.com/science/book/9780123849236"
"9781597496551","The Basics of Hacking and Penetration Testing",2011,,,"Syngress",,"http://www.sciencedirect.com/science/book/9781597496551"
"9780080964478","Nanotechnology",2011,,"Micro and Nano Technologies","William Andrew Publishing",,"http://www.sciencedirect.com/science/book/9780080964478"
"9780123858689","Advanced Well Completion Engineering (Third Edition)",2011,,,"Gulf Professional Publishing",,"http://www.sciencedirect.com/science/book/9780123858689"
"9781437744712","Fire Fighting Pumping Systems at Industrial Facilities (Second Edition)",2011,,,"William Andrew Publishing",,"http://www.sciencedirect.com/science/book/9781437744712"
"9780123748409","An Introduction to Trading in the Financial Markets: Technology–Systems, Data, and Networks",2011,,,"Academic Press",,"http://www.sciencedirect.com/science/book/9780123748409"
"9781597496278","Penetration Tester's Open Source Toolkit (Third Edition)",2011,,,"Syngress",,"http://www.sciencedirect.com/science/book/9781597496278"
"9780123878113","Haemaphysalis Ticks of India",2011,,,"Elsevier",,"http://www.sciencedirect.com/science/book/9780123878113"
"9780123850799","Foundations of Professional Psychology",2011,,,"Elsevier",,"http://www.sciencedirect.com/science/book/9780123850799"
"9780323073677","Sclerotherapy (Fifth Edition)",2011,,,"W.B. Saunders",,"http://www.sciencedirect.com/science/book/9780323073677"
"9780323029483","Geriatric Physical Therapy (Third Edition)",2012,,,"Mosby",,"http://www.sciencedirect.com/science/book/9780323029483"
"9780443069154","Rehabilitation Outcome Measures",2010,,,"Churchill Livingstone",,"http://www.sciencedirect.com/science/book/9780443069154"
"9780721681788","Canine and Feline Nephrology and Urology (Second Edition)",2011,,,"W.B. Saunders",,"http://www.sciencedirect.com/science/book/9780721681788"
"9781416056638","Small Animal Dermatology (Third Edition)",2011,,,"W.B. Saunders",,"http://www.sciencedirect.com/science/book/9781416056638"
"9781416060697","Diagnosis and Management of Lameness in the Horse (Second Edition)",2011,,,"W.B. Saunders",,"http://www.sciencedirect.com/science/book/9781416060697"
"9781437706512","Handbook of Veterinary Neurology (Fifth Edition)",2011,,,"W.B. Saunders",,"http://www.sciencedirect.com/science/book/9781437706512"
"9780123849885","GPU Computing Gems Emerald Edition",2011,,"Applications of GPU Computing Series","Morgan Kaufmann",,"http://www.sciencedirect.com/science/book/9780123849885"
"9780123850034","API Design for C++",2011,,,"Morgan Kaufmann",,"http://www.sciencedirect.com/science/book/9780123850034"
"9780123756886","Nuts and Seeds in Health and Disease Prevention",2011,,,"Academic Press",,"http://www.sciencedirect.com/science/book/9780123756886"
"9780123334459","The Human Genome (Third Edition)",2011,,,"Academic Press",,"http://www.sciencedirect.com/science/book/9780123334459"
"9780123749949","Systemic Lupus Erythematosus (Fifth Edition)",2011,,,"Academic Press",,"http://www.sciencedirect.com/science/book/9780123749949"
"9780123820129","Effective Security Management (Fifth Edition)",2011,,,"Butterworth-Heinemann",,"http://www.sciencedirect.com/science/book/9780123820129"
"9780123820945","Pervasive Information Architecture",2011,,,"Morgan Kaufmann",,"http://www.sciencedirect.com/science/book/9780123820945"
"9780080970639","Electronics Simplified (Third Edition)",2011,,,"Newnes",,"http://www.sciencedirect.com/science/book/9780080970639"
"9781597495868","Digital Forensics with Open Source Tools",2011,,,"Syngress",,"http://www.sciencedirect.com/science/book/9781597495868"
"9780123820280","Electronic Access Control",2012,,,"Butterworth-Heinemann",,"http://www.sciencedirect.com/science/book/9780123820280"
"9780123849199","Private Cloud Computing",2012,,,"Morgan Kaufmann",,"http://www.sciencedirect.com/science/book/9780123849199"
"9780080970950","Analog Design and Simulation using OrCAD Capture and PSpice",2012,,,"Newnes",,"http://www.sciencedirect.com/science/book/9780080970950"
"9780123822437","Construction Calculations Manual",2012,,,"Butterworth-Heinemann",,"http://www.sciencedirect.com/science/book/9780123822437"
"9780123838483","Petrophysics (Third Edition)",2011,,,"Gulf Professional Publishing",,"http://www.sciencedirect.com/science/book/9780123838483"
"9781437778779","Hermeticity of Electronic Packages (Second Edition)",2011,,,"William Andrew Publishing",,"http://www.sciencedirect.com/science/book/9781437778779"
"9781856179126","Theory of Aerospace Propulsion",2012,,"Aerospace Engineering","Butterworth-Heinemann",,"http://www.sciencedirect.com/science/book/9781856179126"
"9780123859341","Practical Handbook of Photovoltaics (Second Edition)",2012,,,"Academic Press",,"http://www.sciencedirect.com/science/book/9780123859341"
"9780123744609","Physiological Ecology of Forest Production",2011,"1936-7961","Terrestrial Ecology","Elsevier",,"http://www.sciencedirect.com/science/book/9780123744609"
"9780123877369","Genomics of Cultivated Palms",2012,,,"Elsevier",,"http://www.sciencedirect.com/science/book/9780123877369"
"9781437734775","Cleanup of Chemical and Explosive Munitions (Second Edition)",2012,,,"William Andrew Publishing",,"http://www.sciencedirect.com/science/book/9781437734775"
"9780123852069","A Practical Guide to SysML (Second Edition)",2012,,"The MK/OMG Press","Morgan Kaufmann",,"http://www.sciencedirect.com/science/book/9780123852069"
"9780080969121","Transmission and Distribution Electrical Engineering (Fourth Edition)",2011,,,"Newnes",,"http://www.sciencedirect.com/science/book/9780080969121"
"9780123850010","Fracture Mechanics",2012,,,"Academic Press",,"http://www.sciencedirect.com/science/book/9780123850010"
"9780750684965","Automotive Buzz, Squeak and Rattle",2011,,,"Butterworth-Heinemann",,"http://www.sciencedirect.com/science/book/9780750684965"
"9781437778595","Advances in CMP Polishing Technologies",2011,,,"William Andrew Publishing",,"http://www.sciencedirect.com/science/book/9781437778595"
"9781455778966","Chemical Resistance of Thermoplastics",2012,,,"William Andrew Publishing",,"http://www.sciencedirect.com/science/book/9781455778966"
"9781856178709","Programming 16-Bit PIC Microcontrollers in C (Second Edition)",2011,,"857R/Embedded Technology","Newnes",,"http://www.sciencedirect.com/science/book/9781856178709"
"9780123851406","Seafloor Geomorphology as Benthic Habitat",2012,,,"Elsevier",,"http://www.sciencedirect.com/science/book/9780123851406"
"9780124160354","An Interactive History of the Clean Air Act",2012,,,"Elsevier",,"http://www.sciencedirect.com/science/book/9780124160354"
"9780123852007","Verbal Minds",2012,,,"Elsevier",,"http://www.sciencedirect.com/science/book/9780123852007"
"9780702031519","Orell and Sterrett's Fine Needle Aspiration Cytology (Fifth Edition)",2012,,,"Churchill Livingstone",,"http://www.sciencedirect.com/science/book/9780702031519"
"9781416051831","Fundamentals of Body MRI",2011,,,"W.B. Saunders",,"http://www.sciencedirect.com/science/book/9781416051831"
"9781416066453","Principles and Practice of Sleep Medicine (Fifth Edition)",2011,,,"W.B. Saunders",,"http://www.sciencedirect.com/science/book/9781416066453"
"9781437705751","Practical Management of Pediatric and Adult Brachial Plexus Palsies",2011,,,"W.B. Saunders",,"http://www.sciencedirect.com/science/book/9781437705751"
"9781437708813","Zakim and Boyer's Hepatology (Sixth Edition)",2012,,,"W.B. Saunders",,"http://www.sciencedirect.com/science/book/9781437708813"
"9781437713985","Management of Cancer in the Older Patient",2012,,,"W.B. Saunders",,"http://www.sciencedirect.com/science/book/9781437713985"
"9781437719925","Food Allergy",2012,,,"W.B. Saunders",,"http://www.sciencedirect.com/science/book/9781437719925"
"9781437723694","Principles and Practice of Movement Disorders (Second Edition)",2011,,,"W.B. Saunders",,"http://www.sciencedirect.com/science/book/9781437723694"
"9781437728644","Gout & Other Crystal Arthropathies",2012,,,"W.B. Saunders",,"http://www.sciencedirect.com/science/book/9781437728644"
"9780323069472","Immunology for Pharmacy",2012,,,"Mosby",,"http://www.sciencedirect.com/science/book/9780323069472"
"9780323081085","Craig's Restorative Dental Materials (Thirteenth Edition)",2012,,,"Mosby",,"http://www.sciencedirect.com/science/book/9780323081085"
"9780702030048","Managing the Injured Athlete",2011,,,"Churchill Livingstone",,"http://www.sciencedirect.com/science/book/9780702030048"
"9780702042706","Practical Evidence-Based Physiotherapy (Second Edition)",2011,,,"Churchill Livingstone",,"http://www.sciencedirect.com/science/book/9780702042706"
"9781416025276","Current Therapy In Oral and Maxillofacial Surgery",2012,,,"W.B. Saunders",,"http://www.sciencedirect.com/science/book/9781416025276"
"9780702034299","Veterinary Ophthalmic Surgery",2011,,,"W.B. Saunders",,"http://www.sciencedirect.com/science/book/9780702034299"
"9781437707984","Kirk & Bistner's Handbook of Veterinary Procedures and Emergency Treatment (Ninth Edition)",2012,,,"W.B. Saunders",,"http://www.sciencedirect.com/science/book/9781437707984"
"9781437723533","Sheep and Goat Medicine (Second Edition)",2012,,,"W.B. Saunders",,"http://www.sciencedirect.com/science/book/9781437723533"
"9780123859655","Semantic Web for the Working Ontologist (Second Edition)",2011,,,"Morgan Kaufmann",,"http://www.sciencedirect.com/science/book/9780123859655"
"9780123838674","Pipeline Planning and Construction Field Manual",2011,,,"Gulf Professional Publishing",,"http://www.sciencedirect.com/science/book/9780123838674"
"9780444521491","The Yeasts (Fifth Edition)",2010,,,"Elsevier",,"http://www.sciencedirect.com/science/book/9780444521491"
"9780123820365","Power Electronics Handbook (Third Edition)",2011,,,"Butterworth-Heinemann",,"http://www.sciencedirect.com/science/book/9780123820365"
"9780444537263","Handbook of Logic and Language (Second Edition)",2011,,,"Elsevier",,"http://www.sciencedirect.com/science/book/9780444537263"
"9780123751829","Intermolecular and Surface Forces (Third Edition)",2011,,,"Academic Press",,"http://www.sciencedirect.com/science/book/9780123751829"
"9780444528537","Stochastic Transport in Complex Systems",2011,,,"Elsevier",,"http://www.sciencedirect.com/science/book/9780444528537"
"9780444537980","Stable Nanoemulsions: Self-Assembly in Nature and Nanomedicine",2011,"1383-7303","Studies in Interface Science","Elsevier",,"http://www.sciencedirect.com/science/book/9780444537980"
"9780702033988","MacSween's Pathology of the Liver (Sixth Edition)",2011,,,"Churchill Livingstone",,"http://www.sciencedirect.com/science/book/9780702033988"
"9780723436584","Allergy (Fourth Edition)",2012,,,"W.B. Saunders",,"http://www.sciencedirect.com/science/book/9780723436584"
"9781416031062","Buchwald's Atlas of Metabolic & Bariatric Surgical Techniques and Procedures",2012,,,"W.B. Saunders",,"http://www.sciencedirect.com/science/book/9781416031062"
"9781437701340","Avery's Diseases of the Newborn (Ninth Edition)",2012,,,"W.B. Saunders",,"http://www.sciencedirect.com/science/book/9781437701340"
"9781437716160","Clinical Cardiac Pacing, Defibrillation and Resynchronization Therapy (Fourth Edition)",2011,,,"W.B. Saunders",,"http://www.sciencedirect.com/science/book/9781437716160"
"9781437717259","Handbook of Liver Disease (Third Edition)",2012,,,"W.B. Saunders",,"http://www.sciencedirect.com/science/book/9781437717259"
"9781416066217","Ferrets, Rabbits, and Rodents (Third Edition)",2012,,,"W.B. Saunders",,"http://www.sciencedirect.com/science/book/9781416066217"
"9781437706604","The Cat",2011,,,"W.B. Saunders",,"http://www.sciencedirect.com/science/book/9781437706604"
"9780123847492","Insect Endocrinology",2012,,,"Academic Press",,"http://www.sciencedirect.com/science/book/9780123847492"
"9780444531261","Membrane Distillation",2011,,,"Elsevier",,"http://www.sciencedirect.com/science/book/9780444531261"
"9781597496452","Industrial Network Security",2011,,,"Syngress",,"http://www.sciencedirect.com/science/book/9781597496452"
"9780123838582","Composition and Properties of Drilling and Completion Fluids (Sixth Edition)",2011,,,"Gulf Professional Publishing",,"http://www.sciencedirect.com/science/book/9780123838582"
"9780123747143","Handbook of Organizational Creativity",2012,,,"Academic Press",,"http://www.sciencedirect.com/science/book/9780123747143"
"9783446217713","Molten Polymers",2006,,,"Hanser",,"http://www.sciencedirect.com/science/book/9783446217713"
"9783446222830","Polymer Science: Properties and Application",2006,,,"Hanser",,"http://www.sciencedirect.com/science/book/9783446222830"
"9783446225909","Designing with Plastics",2006,,,"Hanser",,"http://www.sciencedirect.com/science/book/9783446225909"
"9783446227538","The First Snap-fit Handbook (Second Edition)",2005,,,"Hanser",,"http://www.sciencedirect.com/science/book/9783446227538"
"9783446229631","Textile Technology",2006,,,"Hanser",,"http://www.sciencedirect.com/science/book/9783446229631"
"9783446402706","Nanocomposites",2007,,,"Hanser",,"http://www.sciencedirect.com/science/book/9783446402706"
"9783446403086","Selecting Injection Molds",2006,,,"Hanser",,"http://www.sciencedirect.com/science/book/9783446403086"
"9783446403093","Complete Part Design Handbook",2006,,,"Hanser",,"http://www.sciencedirect.com/science/book/9783446403093"
"9783446403819","Polymer Processing",2006,,,"Hanser",,"http://www.sciencedirect.com/science/book/9783446403819"
"9783446404687","Plastic Part Design (Second Edition)",2010,,,"Hanser",,"http://www.sciencedirect.com/science/book/9783446404687"
"9783446405844","Hot Runner Technology",2006,,,"Hanser",,"http://www.sciencedirect.com/science/book/9783446405844"
"9783446405929","Gastrow (Fourth Edition)",2006,,,"Hanser",,"http://www.sciencedirect.com/science/book/9783446405929"
"9783446407732","Mixing (Second Edition)",2009,,,"Hanser",,"http://www.sciencedirect.com/science/book/9783446407732"
"9783446407961","Understanding Thermoforming (Second Edition)",2008,,,"Hanser",,"http://www.sciencedirect.com/science/book/9783446407961"
"9783446409804","Thermoplastic Compounds",2008,,,"Hanser",,"http://www.sciencedirect.com/science/book/9783446409804"
"9783446412668","Injection Mold Design Engineering",2007,,,"Hanser",,"http://www.sciencedirect.com/science/book/9783446412668"
"9783446412705","Plastic Surface Modification",2010,,,"Hanser",,"http://www.sciencedirect.com/science/book/9783446412705"
"9783446413153","Plastics Testing",2008,,,"Hanser",,"http://www.sciencedirect.com/science/book/9783446413153"
"9783446413238","Nano- and Mircro- Mechanics of Polymer Blends and Composites",2009,,,"Hanser",,"http://www.sciencedirect.com/science/book/9783446413238"
"9783446413726","Co-rotating Twin-screw Extruder",2008,,,"Hanser",,"http://www.sciencedirect.com/science/book/9783446413726"
"9783446416529","Flame Retardants",2009,,,"Hanser",,"http://www.sciencedirect.com/science/book/9783446416529"
"9783446416819","Rubber Components",2009,,,"Hanser",,"http://www.sciencedirect.com/science/book/9783446416819"
"9783446416857","Injection Molding",2009,,,"Hanser",,"http://www.sciencedirect.com/science/book/9783446416857"
"9783446417052","Blown Film Extrusion",2011,,,"Hanser",,"http://www.sciencedirect.com/science/book/9783446417052"
"9783446417311","Engineered Rubber Products",2009,,,"Hanser",,"http://www.sciencedirect.com/science/book/9783446417311"
"9783446419643","Custom Molding",2009,,,"Hanser",,"http://www.sciencedirect.com/science/book/9783446419643"
"9783446420144","Plastics Systems Engineering",2009,,,"Hanser",,"http://www.sciencedirect.com/science/book/9783446420144"
"9783446422759","Robust Process Development",2010,,,"Hanser",,"http://www.sciencedirect.com/science/book/9783446422759"
"9783446424036","Engineering Biopolymers",2011,,,"Hanser",,"http://www.sciencedirect.com/science/book/9783446424036"
"9783446424050","Electron Beam",2010,,,"Hanser",,"http://www.sciencedirect.com/science/book/9783446424050"
"9780123814661","Plant Biotechnology and Agriculture",2012,,,"Academic Press",,"http://www.sciencedirect.com/science/book/9780123814661"
"9780123869227","Private Security and the Law (Fourth Edition)",2012,,,"Butterworth-Heinemann",,"http://www.sciencedirect.com/science/book/9780123869227"
"9780123852274","Earth as an Evolving Planetary System (Second Edition)",2011,,,"Academic Press",,"http://www.sciencedirect.com/science/book/9780123852274"
"9780123820846","Satellite and Terrestrial Radio Positioning Techniques",2011,,,"Academic Press",,"http://www.sciencedirect.com/science/book/9780123820846"
"9781437735246","Offshore Safety Management",2012,,,"William Andrew Publishing",,"http://www.sciencedirect.com/science/book/9781437735246"
"9781437735277","Stretch Blow Molding",2012,,,"William Andrew Publishing",,"http://www.sciencedirect.com/science/book/9781437735277"
"9781437744637","PEEK Biomaterials Handbook",2012,,"Plastics Design Library","William Andrew Publishing",,"http://www.sciencedirect.com/science/book/9781437744637"
"9781455778607","Engineering Documentation Control Handbook",2012,,,"William Andrew Publishing",,"http://www.sciencedirect.com/science/book/9781455778607"
"9781856178099","Complete Casting Handbook",2011,,,"Butterworth-Heinemann",,"http://www.sciencedirect.com/science/book/9781856178099"
"9781856179294","Formulas and Calculations for Drilling, Production, and Workover (Third Edition)",2011,,,"Gulf Professional Publishing",,"http://www.sciencedirect.com/science/book/9781856179294"
"9780444520067","Sleep Disorders Part I",2011,"0072-9752","Handbook of Clinical Neurology","Elsevier",,"http://www.sciencedirect.com/science/book/9780444520067"
"9780444520074","Sleep Disorders Part II",2011,"0072-9752","Handbook of Clinical Neurology","Elsevier",,"http://www.sciencedirect.com/science/book/9780444520074"
"9780444537287","Inorganic Polymeric and Composite Membranes",2011,"0927-5193","Membrane Science and Technology","Elsevier",,"http://www.sciencedirect.com/science/book/9780444537287"
"9780444527387","Trickle Bed Reactors",2011,,,"Elsevier",,"http://www.sciencedirect.com/science/book/9780444527387"
"9780123750389","Encyclopedia of Creativity (Second Edition)",2011,,,"Academic Press",,"http://www.sciencedirect.com/science/book/9780123750389"
"9780123749284","Hormones and Reproduction of Vertebrates: Mammals",2011,,,"Academic Press",,"http://www.sciencedirect.com/science/book/9780123749284"
"9780123749291","Hormones and Reproduction of Vertebrates: Birds",2011,,,"Academic Press",,"http://www.sciencedirect.com/science/book/9780123749291"
"9780123749307","Hormones and Reproduction of Vertebrates: Reptiles",2011,,,"Academic Press",,"http://www.sciencedirect.com/science/book/9780123749307"
"9780123749314","Hormones and Reproduction of Vertebrates: Amphibians",2011,,,"Academic Press",,"http://www.sciencedirect.com/science/book/9780123749314"
"9780123750099","Hormones and Reproduction of Vertebrates: Fishes",2011,,,"Academic Press",,"http://www.sciencedirect.com/science/book/9780123750099"
"9781437778717","Waste-to-Energy (Second Edition)",2012,,,"William Andrew Publishing",,"http://www.sciencedirect.com/science/book/9781437778717"
"9780080966762","Forsthoffer's Best Practice Handbook for Rotating Machinery",2011,,,"Butterworth-Heinemann",,"http://www.sciencedirect.com/science/book/9780080966762"
"9780123869623","Experiment and Calculation of Reinforced Concrete at Elevated Temperatures",2011,,,"Butterworth-Heinemann",,"http://www.sciencedirect.com/science/book/9780123869623"
"9781597496377","Cyber Warfare",2011,,,"Syngress",,"http://www.sciencedirect.com/science/book/9781597496377"
"9780444520760","Philosophy of Complex Systems",2011,,"Handbook of the Philosophy of Science","North-Holland",,"http://www.sciencedirect.com/science/book/9780444520760"
"9780123859488","Space, Time and Number in the Brain",2011,,,"Academic Press",,"http://www.sciencedirect.com/science/book/9780123859488"
"9780123877772","Computed Radiation Imaging",2011,,,"Elsevier",,"http://www.sciencedirect.com/science/book/9780123877772"
"9780123820402","Pediatric Bone (Second Edition)",2012,,,"Academic Press",,"http://www.sciencedirect.com/science/book/9780123820402"
"9780080971742","Chemical and Process Plant Commissioning Handbook",2012,,,"Butterworth-Heinemann",,"http://www.sciencedirect.com/science/book/9780080971742"
"9781856176033","PIC Projects for Non-Programmers",2012,,,"Newnes",,"http://www.sciencedirect.com/science/book/9781856176033"
"9780123877246","Handbook of Short Selling",2012,,,"Academic Press",,"http://www.sciencedirect.com/science/book/9780123877246"
"9780815515821","Microfabrication for Industrial Applications",2011,,"Micro and Nano Technologies","William Andrew Publishing",,"http://www.sciencedirect.com/science/book/9780815515821"
"9780123884282","Approximation and Optimization of Discrete and Differential Inclusions",2011,,,"Elsevier",,"http://www.sciencedirect.com/science/book/9780123884282"
"9780123848567","Pharmacology in Drug Discovery",2012,,,"Academic Press",,"http://www.sciencedirect.com/science/book/9780123848567"
"9780123756800","Handbook of Modern Pharmaceutical Analysis",2011,"1877-1718","Separation Science and Technology","Academic Press",,"http://www.sciencedirect.com/science/book/9780123756800"
"9780444535979","The Ancient Human Occupation of Britain",2011,"1571-0866","Developments in Quaternary Sciences","Elsevier",,"http://www.sciencedirect.com/science/book/9780444535979"
"9780443068034","Practical Hepatic Pathology",2011,,,"W.B. Saunders",,"http://www.sciencedirect.com/science/book/9780443068034"
"9780702033698","Pathology of the Lungs (Third Edition)",2011,,,"Churchill Livingstone",,"http://www.sciencedirect.com/science/book/9780702033698"
"9781416045793","Extranodal Lymphomas",2011,,,"W.B. Saunders",,"http://www.sciencedirect.com/science/book/9781416045793"
"9781416066545","A Primer in Cartilage Repair and Joint Preservation of the Knee",2011,,,"W.B. Saunders",,"http://www.sciencedirect.com/science/book/9781416066545"
"9781437710151","Supportive Oncology",2011,,,"W.B. Saunders",,"http://www.sciencedirect.com/science/book/9781437710151"
"9780323072939","Evidence-Based Management of Low Back Pain",2012,,,"Mosby",,"http://www.sciencedirect.com/science/book/9780323072939"
"9780444534477","Quaternary Glaciations - Extent and Chronology",2011,"1571-0866","Developments in Quaternary Sciences","Elsevier",,"http://www.sciencedirect.com/science/book/9780444534477"
