"id","titulo","ano","issn","titulo_serie","editora","autor","url"
9780955251238,"Trans Fatty Acids in Human Nutrition",2009,,,"Oily Press","Destaillats, F","http://www.sciencedirect.com/science/book/9780955251238"
9781845692162,"Food Processing Technology",2009,,"Oily Press Lipid Library Series","Woodhead Publishing","Fellows, P J","http://www.sciencedirect.com/science/book/9781845692162"
9781845692186,"Endocrine-Disrupting Chemicals in Food",2009,,"Woodhead Publishing Series in Food Science, Technology and Nutrition","Woodhead Publishing","Shaw, I","http://www.sciencedirect.com/science/book/9781845692186"
9781845691523,"Shellfish Safety and Quality",2009,,"Woodhead Publishing Series in Food Science, Technology and Nutrition","Woodhead Publishing","Shumway, S E","http://www.sciencedirect.com/science/book/9781845691523"
9781845693268,"Soft Drink and Fruit Juice Problems Solved",2009,,"Woodhead Publishing Series in Food Science, Technology and Nutrition","Woodhead Publishing","Ashurst, P","http://www.sciencedirect.com/science/book/9781845693268"
9781845694142,"Handbook of Hydrocolloids",2009,,"Woodhead Publishing Series in Food Science, Technology and Nutrition","Woodhead Publishing","Phillips, G O","http://www.sciencedirect.com/science/book/9781845694142"
9781845694180,"Food Constituents and Oral Health",2009,,"Woodhead Publishing Series in Food Science, Technology and Nutrition","Woodhead Publishing","Wilson, M.","http://www.sciencedirect.com/science/book/9781845694180"
9781845694654,"Dairy-Derived Ingredients",2009,,"Woodhead Publishing Series in Food Science, Technology and Nutrition","Woodhead Publishing","Corredig, M","http://www.sciencedirect.com/science/book/9781845694654"
9781845694326,"Designing Functional Foods",2009,,"Woodhead Publishing Series in Food Science, Technology and Nutrition","Woodhead Publishing","McClements, D J","http://www.sciencedirect.com/science/book/9781845694326"
9781845694777,"Biofilms in the Food and Beverage Industries",2009,,"Woodhead Publishing Series in Food Science, Technology and Nutrition","Woodhead Publishing","Fratamico, P M","http://www.sciencedirect.com/science/book/9781845694777"
9781845693428,"Functional and Speciality Beverage Technology",2009,,"Woodhead Publishing Series in Food Science, Technology and Nutrition","Woodhead Publishing","Paquin, P","http://www.sciencedirect.com/science/book/9781845693428"
9781845693435,"Improving the Sensory and Nutritional Quality of Fresh Meat",2009,,"Woodhead Publishing Series in Food Science, Technology and Nutrition","Woodhead Publishing","Kerry, J P","http://www.sciencedirect.com/science/book/9781845693435"
9781845694036,"Meals in Science and Practice",2009,,"Woodhead Publishing Series in Food Science, Technology and Nutrition","Woodhead Publishing","Meiselman, H L","http://www.sciencedirect.com/science/book/9781845694036"
9781845693626,"Foodborne Pathogens",2009,,"Woodhead Publishing Series in Food Science, Technology and Nutrition","Woodhead Publishing","Blackburn, C","http://www.sciencedirect.com/science/book/9781845693626"
9781845693848,"New Technologies in Aquaculture",2009,,"Woodhead Publishing Series in Food Science, Technology and Nutrition","Woodhead Publishing","Burnell, G","http://www.sciencedirect.com/science/book/9781845693848"
9781845691936,"Food for the Ageing Population",2009,,"Woodhead Publishing Series in Food Science, Technology and Nutrition","Woodhead Publishing","Raats, M M","http://www.sciencedirect.com/science/book/9781845691936"
9781845693909,"Science and Technology of Enrobed and Filled Chocolate, Confectionery and Bakery Products",2009,,"Woodhead Publishing Series in Food Science, Technology and Nutrition","Woodhead Publishing","Talbot, G","http://www.sciencedirect.com/science/book/9781845693909"
9781845693916,"Handbook of Waste Management and Co-Product Recovery in Food Processing",2009,,"Woodhead Publishing Series in Food Science, Technology and Nutrition","Woodhead Publishing","Waldron, K W","http://www.sciencedirect.com/science/book/9781845693916"
9781845693824,"More Baking Problems Solved",2009,,"Woodhead Publishing Series in Food Science, Technology and Nutrition","Woodhead Publishing","Cauvain, S P","http://www.sciencedirect.com/science/book/9781845693824"
9781845695927,"Functional Foods",2009,,"Woodhead Publishing Series in Food Science, Technology and Nutrition","Woodhead Publishing","Guo, Mingro","http://www.sciencedirect.com/science/book/9781845695927"
9780127462752,"Starch (Third Edition)",2009,,"Food Science and Technology","Academic Press","BeMiller, James","http://www.sciencedirect.com/science/book/9780127462752"
9780123743497,"Advances in Potato Chemistry and Technology",2009,,,"Academic Press","Singh, Jaspreet","http://www.sciencedirect.com/science/book/9780123743497"
9780123746283,"Bioactive Foods in Promoting Health",2010,,,"Academic Press","Watson, Ronald","http://www.sciencedirect.com/science/book/9780123746283"
9780123747129,"Food Security, Poverty and Nutrition Policy Analysis",2009,,,"Academic Press","Babu, Suresh","http://www.sciencedirect.com/science/book/9780123747129"
9780123744319,"Crop Physiology",2009,,,"Academic Press","Sadras, Victor","http://www.sciencedirect.com/science/book/9780123744319"
9780123746320,"Hypoxia",2009,"1546-5098","Fish Physiology","Academic Press","Richards, Jeffrey","http://www.sciencedirect.com/science/book/9780123746320"
9780123746313,"Fish Neuroendocrinology",2009,"1546-5098","Fish Physiology","Academic Press","Bernier, Nicholas","http://www.sciencedirect.com/science/book/9780123746313"
9780123741257,"Nutrition and Genomics",2009,,,"Academic Press","Castle, David","http://www.sciencedirect.com/science/book/9780123741257"
9780123741127,"Postharvest Handling (Second Edition)",2009,,"Food Science and Technology","Academic Press","Florkowski, Wojciech","http://www.sciencedirect.com/science/book/9780123741127"
9780123742575,"Desert Olive Oil Cultivation",2009,,,"Academic Press","Wiesman, Zeev","http://www.sciencedirect.com/science/book/9780123742575"
9780123741868,"The Produce Contamination Problem",2009,,"Food Science and Technology","Academic Press","Matthews, Karl","http://www.sciencedirect.com/science/book/9780123741868"
9780123708731,"The Chlamydomonas Sourcebook",2009,,,"Academic Press","Stern, David","http://www.sciencedirect.com/science/book/9780123708731"
9780123741431,"Physicochemical and Environmental Plant Physiology (Fourth Edition)",2009,,,"Academic Press","Nobel, Park","http://www.sciencedirect.com/science/book/9780123741431"
9780123741448,"Encyclopedia of Insects (Second Edition)",2009,,,"Academic Press","Resh, Vincent","http://www.sciencedirect.com/science/book/9780123741448"
9780123740397,"Milk Proteins",2009,,"Food Science and Technology","Academic Press","Boland, Mike","http://www.sciencedirect.com/science/book/9780123740397"
9780123706126,"The Riverine Ecosystem Synthesis",2008,,,"Academic Press","Thorp, James","http://www.sciencedirect.com/science/book/9780123706126"
9780123735539,"Encyclopedia of Marine Mammals (Second Edition)",2009,,,"Academic Press","Perrin, William","http://www.sciencedirect.com/science/book/9780123735539"
9780123739728,"Paleobotany (Second Edition)",2009,,,"Academic Press","Taylor, Edith","http://www.sciencedirect.com/science/book/9780123739728"
9780123725684,"Sperm Biology",2009,,,"Academic Press","Birkhead, Tim","http://www.sciencedirect.com/science/book/9780123725684"
9780123743459,"Geomorphometry",2009,"0166-2481","Developments in Soil Science","Elsevier Science","Hengl, Tomislav","http://www.sciencedirect.com/science/book/9780123743459"
9780444529763,"The Pearl Oyster",2008,,,"Elsevier Science","Southgate, Paul","http://www.sciencedirect.com/science/book/9780444529763"
9780123741813,"Wine Tasting (Second Edition)",2009,,,"Academic Press","Jackson, Ronald","http://www.sciencedirect.com/science/book/9780123741813"
9780123741950,"Modern Biopolymer Science",2009,,,"Academic Press","Kasapis, Stefan","http://www.sciencedirect.com/science/book/9780123741950"
9780123741240,"Global Issues in Food Science and Technology",2009,,,"Academic Press","Barbosa-Canovas, Gustavo","http://www.sciencedirect.com/science/book/9780123741240"
9780123736215,"Kingdoms and Domains (Fourth Edition)",2009,,,"Academic Press","Margulis, Lynn","http://www.sciencedirect.com/science/book/9780123736215"
9780123741363,"Infrared Spectroscopy for Food Quality Analysis and Control",2009,,,"Academic Press","Sun, Da-Wen","http://www.sciencedirect.com/science/book/9780123741363"
9780123739711,"Chemistry, Biochemistry, and Biology of 1-3 Beta Glucans and Related Polysaccharides",2009,,,"Academic Press","Bacic, Antony","http://www.sciencedirect.com/science/book/9780123739711"
9780815515708,"Tigers of the World (Second Edition)",2010,,"Noyes Series in Animal Behavior, Ecology, Conservation, and Management","Academic Press","Tilson, Ronald","http://www.sciencedirect.com/science/book/9780815515708"
9780123745859,"A Pharmacology Primer (Third Edition)",2009,,,"Academic Press","Kenakin, Terry","http://www.sciencedirect.com/science/book/9780123745859"
9780123747402,"Nathan Zuntz",2009,,,"Academic Press","Gunga, Hanns-Christian","http://www.sciencedirect.com/science/book/9780123747402"
9780123747297,"Essentials of Stem Cell Biology (Second Edition)",2009,,,"Academic Press","Lanza, Robert","http://www.sciencedirect.com/science/book/9780123747297"
9780123694201,"Genomic and Personalized Medicine",2009,,,"Academic Press","Ginsburg, Geoffrey","http://www.sciencedirect.com/science/book/9780123694201"
9780124498518,"Genetic Diseases of the Kidney",2009,,,"Academic Press","Lifton, Richard","http://www.sciencedirect.com/science/book/9780124498518"
9780123736000,"Handbook of Glycomics",2009,,,"Academic Press","Cummings, Richard","http://www.sciencedirect.com/science/book/9780123736000"
9780123739803,"The Manual of Scientific Style",2009,,,"Academic Press","Rabinowitz, Harold","http://www.sciencedirect.com/science/book/9780123739803"
9780123725509,"Systems Biomedicine",2009,,,"Academic Press","Liu, Edison","http://www.sciencedirect.com/science/book/9780123725509"
9780123736390,"Clinical and Translational Science",2009,,,"Academic Press","Robertson, David","http://www.sciencedirect.com/science/book/9780123736390"
9780444532251,"Stories of Success-Personal Recollections. XI",2008,"0069-8032","Comprehensive Biochemistry","Elsevier Science","Semenza, Giorgio","http://www.sciencedirect.com/science/book/9780444532251"
9780123741783,"Hyaluronan in Cancer Biology",2009,,,"Academic Press","Stern, Robert","http://www.sciencedirect.com/science/book/9780123741783"
9780123742278,"Single Molecule Biology",2009,,,"Academic Press","Knight, Alexander","http://www.sciencedirect.com/science/book/9780123742278"
9780080466170,"Real World Drug Discovery",2008,,,"Elsevier Science","Rydzewski, Robert","http://www.sciencedirect.com/science/book/9780080466170"
9780815520252,"Handbook of Non-Invasive Drug Delivery Systems",2010,,"Personal Care & Cosmetic Technology","William Andrew","Kulkarni, Vitthal S.","http://www.sciencedirect.com/science/book/9780815520252"
9780815520290,"Nutritional Cosmetics",2009,,"Personal Care & Cosmetic Technology","William Andrew","Tabor, Aaron","http://www.sciencedirect.com/science/book/9780815520290"
9780815520351,"Handbook of Pollution Prevention and Cleaner Production - Best Practices in The Petroleum Industry",2010,,,"William Andrew","Cheremisinoff, Nicholas P","http://www.sciencedirect.com/science/book/9780815520351"
9780815520399,"Transport Properties of Chemicals and Hydrocarbons",2009,,,"William Andrew","Yaws, Carl L.","http://www.sciencedirect.com/science/book/9780815520399"
9780444534330,"19th European Symposium on Computer Aided Process Engineering",2009,"1570-7946","Computer Aided Chemical Engineering","Elsevier Science","Jezowski, Jacek","http://www.sciencedirect.com/science/book/9780444534330"
9780123743039,"The Properties of Water and their Role in Colloidal and Biological Systems",2008,"1573-4285","Interface Science and Technology","Academic Press","van Oss, Carel","http://www.sciencedirect.com/science/book/9780123743039"
9780444527790,"Principles of Surface-Enhanced Raman Spectroscopy",2009,,,"Elsevier Science","Le Ru, Eric","http://www.sciencedirect.com/science/book/9780444527790"
9780123725547,"Chemistry on Modified Oxide and Phosphate Surfaces",2009,"1573-4285","Interface Science and Technology","Academic Press","de Farias, Robson","http://www.sciencedirect.com/science/book/9780123725547"
9780444528407,"Wood Coatings",2009,,,"Elsevier Science","Bulian, Franco","http://www.sciencedirect.com/science/book/9780444528407"
9780080467337,"Computational Techniques for Multiphase Flows",2009,,,"Butterworth-Heinemann","Yeoh, Guan Heng","http://www.sciencedirect.com/science/book/9780080467337"
9780123725066,"Chemical Process Equipment (Second, Revised Edition)",2010,,,"Gulf Professional Publishing","Couper, James R.","http://www.sciencedirect.com/science/book/9780123725066"
9780750685153,"Managing Project Delivery",2009,,,"Butterworth-Heinemann","Melton, Trish","http://www.sciencedirect.com/science/book/9780750685153"
9780444531421,"Liquid Sample Introduction in ICP Spectrometry",2008,,,"Elsevier Science","Todoli, José-Luis","http://www.sciencedirect.com/science/book/9780444531421"
9780444531759,"Frontiers of Molecular Spectroscopy",2009,,,"Elsevier Science","Laane, Jaan","http://www.sciencedirect.com/science/book/9780444531759"
9780444531896,"Ordered Porous Solids",2009,,,"Elsevier Science","Valtchev, Valentin","http://www.sciencedirect.com/science/book/9780444531896"
9780080548197,"Properties of Polymers (Fourth Edition)",2009,,,"Elsevier Science","van Krevelen, D.W.","http://www.sciencedirect.com/science/book/9780080548197"
9780123745330,"Aspects of Explosives Detection",2009,,,"Elsevier Science","Marshall, Maurice","http://www.sciencedirect.com/science/book/9780123745330"
9781856175173,"Atomic Force Microscopy in Process Engineering",2009,,,"Butterworth-Heinemann","Bowen, Richard","http://www.sciencedirect.com/science/book/9781856175173"
9780444532183,"Liquid Membranes",2010,,,"Elsevier Science","Kislik, Vladimir","http://www.sciencedirect.com/science/book/9780444532183"
9781856175319,"What Went Wrong? (Fifth Edition)",2009,,,"Butterworth-Heinemann","Kletz, Trevor","http://www.sciencedirect.com/science/book/9781856175319"
9780815515333,"Adhesives Technology Handbook (Second Edition)",2009,,,"William Andrew","Ebnesajjad, Sina","http://www.sciencedirect.com/science/book/9780815515333"
9781856175678,"Purification of Laboratory Chemicals (Sixth Edition)",2009,,,"Butterworth-Heinemann","Armarego, W.L.F.","http://www.sciencedirect.com/science/book/9781856175678"
9780123747211,"UHMWPE Biomaterials Handbook (Second Edition)",2009,,,"Academic Press","Kurtz, Steven","http://www.sciencedirect.com/science/book/9780123747211"
9780815515692,"Global Regulatory Issues for the Cosmetics Industry",2008,,"Personal Care and Cosmetic Technology","William Andrew","Lintner, Karl","http://www.sciencedirect.com/science/book/9780815515692"
9780815515722,"Cosmetics Applications of Laser & Light-Based Systems",2009,,"Personal Care & Cosmetic Technology","William Andrew","Ahluwalia, Gurpreet","http://www.sciencedirect.com/science/book/9780815515722"
9780815515890,"Human Toxicology of Chemical Mixtures",2008,,,"William Andrew","Zeliger, Harold","http://www.sciencedirect.com/science/book/9780815515890"
9780444532923,"Proceedings of the 1st Annual Gas Processing Symposium",2009,"1876-0147","Advances in Gas Processing","Elsevier Science","Alfadala, Hassan","http://www.sciencedirect.com/science/book/9780444532923"
9780444532954,"Electrocorrosion and Protection of Metals",2009,,,"Elsevier Science","Riskin, Joseph","http://www.sciencedirect.com/science/book/9780444532954"
9780815515784,"Nanotechnology Applications for Clean Water",2009,,"Micro and Nano Technologies","William Andrew","Diallo, Mamadou","http://www.sciencedirect.com/science/book/9780815515784"
9780815515814,"Handbook of Plastics Joining (Second Edition)",2008,,,"William Andrew","Troughton, Michael","http://www.sciencedirect.com/science/book/9780815515814"
9780815515845,"Skin Aging Handbook",2008,,"Personal Care & Cosmetic Technology","William Andrew","Dayan, Nava","http://www.sciencedirect.com/science/book/9780815515845"
9780815515968,"Thermophysical Properties of Chemicals and Hydrocarbons",2009,,,"William Andrew","Yaws, Carl L.","http://www.sciencedirect.com/science/book/9780815515968"
9780444534729,"10th International Symposium on Process Systems Engineering: Part A",2009,"1570-7946","Computer Aided Chemical Engineering","Elsevier","de Brito Alves, Rita","http://www.sciencedirect.com/science/book/9780444534729"
9780080965154,"Progress in Heterocyclic Chemistry",2009,"0959-6380","Progress in Heterocyclic Chemistry","Elsevier","Gribble, Gordon","http://www.sciencedirect.com/science/book/9780080965154"
9780080469751,"A critical review of the 2007 literature preceded by two chapters on current heterocyclic topics",2009,"0959-6380","Progress in Heterocyclic Chemistry","Elsevier Science","Gribble, Gordon","http://www.sciencedirect.com/science/book/9780080469751"
9780080546285,"High-Resolution NMR Techniques in Organic Chemistry",2009,"1460-1567","Tetrahedron Organic Chemistry Series","Elsevier Science","Claridge, T.D.W.","http://www.sciencedirect.com/science/book/9780080546285"
9780444530752,"Advances in Biomedical Engineering",2009,,,"Elsevier Science","Verdonck, Pascal","http://www.sciencedirect.com/science/book/9780444530752"
9780444530202,"Scientific Data Ranking Methods",2008,"0922-3487","Data Handling in Science and Technology","Elsevier Science","Pavan, Manuela","http://www.sciencedirect.com/science/book/9780444530202"
9780240521183,"Carbohydrates: The Essential Molecules of Life (Second Edition)",2009,,,"Elsevier Science","Stick, Robert","http://www.sciencedirect.com/science/book/9780240521183"
9780444534279,"Ionic Liquids",2009,,,"Elsevier Science","Zhang, Suojiang","http://www.sciencedirect.com/science/book/9780444534279"
9780123749437,"Developing Virtual Reality Applications",2009,,,"Morgan Kaufmann","Craig, Alan B.","http://www.sciencedirect.com/science/book/9780123749437"
9781597494250,"Professional Penetration Testing",2009,,,"Syngress","Wilhelm, Thomas","http://www.sciencedirect.com/science/book/9781597494250"
9781597494182,"Cisco Router and Switch Forensics",2009,,,"Syngress","Liu, Dale","http://www.sciencedirect.com/science/book/9781597494182"
9780123749420,"Geometric Algebra for Computer Science (Revised Edition)",2007,,"The Morgan Kaufmann Series in Computer Graphics","Morgan Kaufmann","Dorst, Leo","http://www.sciencedirect.com/science/book/9780123749420"
9780123748911,"SOA and Web Services Interface Design",2010,,"The MK/OMG Press","Morgan Kaufmann","Bean, James","http://www.sciencedirect.com/science/book/9780123748911"
9781597494243,"SQL Injection Attacks and Defense",2009,,,"Syngress","Clarke, Justin","http://www.sciencedirect.com/science/book/9781597494243"
9780123749000,"Mobile Technology for Children",2009,,,"Morgan Kaufmann","Druin, Allison","http://www.sciencedirect.com/science/book/9780123749000"
9781597494274,"Eleventh Hour Security+",2010,,,"Syngress","Dubrawsky, Ido","http://www.sciencedirect.com/science/book/9781597494274"
9781597494281,"Eleventh Hour Network+",2010,,,"Syngress","Alpern, Naomi","http://www.sciencedirect.com/science/book/9781597494281"
9780123749574,"Principles of Computer System Design",2009,,,"Morgan Kaufmann","Saltzer, Jerome","http://www.sciencedirect.com/science/book/9780123749574"
9780123704764,"Probabilistic Methods for Bioinformatics",2009,,,"Morgan Kaufmann","Neapolitan, Richard E.","http://www.sciencedirect.com/science/book/9780123704764"
9780120885824,"Effective Prototyping with Excel",2009,,"Interactive Technologies","Morgan Kaufmann","Berger, Nevin","http://www.sciencedirect.com/science/book/9780120885824"
9780123736932,"Technical, Commercial and Regulatory Challenges of QoS",2008,"1875-9351","The Morgan Kaufmann Series in Networking","Morgan Kaufmann","Xiao, XiPeng","http://www.sciencedirect.com/science/book/9780123736932"
9780750682107,"RF and Digital Signal Processing for Software-Defined Radio",2009,,,"Newnes","Rouphael, Tony","http://www.sciencedirect.com/science/book/9780750682107"
9780123735942,"Building Intelligent Interactive Tutors",2007,,,"Morgan Kaufmann","Woolf, Beverly","http://www.sciencedirect.com/science/book/9780123735942"
9780123741967,"Partial-Update Adaptive Signal Processing",2009,,,"Academic Press","Dogancay, Kutluyil","http://www.sciencedirect.com/science/book/9780123741967"
9780123741516,"Business Modeling",2008,,"The MK/OMG Press","Morgan Kaufmann","Bridgeland, David","http://www.sciencedirect.com/science/book/9780123741516"
9781558606234,"Principles of Transaction Processing (Second Edition)",2009,,"The Morgan Kaufmann Series in Data Management Systems","Morgan Kaufmann","Bernstein, Philip","http://www.sciencedirect.com/science/book/9781558606234"
9781558607101,"Forms that Work",2009,,"Interactive Technologies","Morgan Kaufmann","Jarrett, Caroline","http://www.sciencedirect.com/science/book/9781558607101"
9780123742148,"P2P Networking and Applications",2008,,,"Morgan Kaufmann","Buford, John","http://www.sciencedirect.com/science/book/9780123742148"
9780123742254,"Master Data Management",2008,,"The MK/OMG Press","Morgan Kaufmann","Loshin, David","http://www.sciencedirect.com/science/book/9780123742254"
9780750686549,"Embedded Linux Development Using Eclipse",2009,,,"Newnes","Abbott, Doug","http://www.sciencedirect.com/science/book/9780750686549"
9780123742650,"Web Application Design Patterns",2009,,"Interactive Technologies","Morgan Kaufmann","Vora, Pawan","http://www.sciencedirect.com/science/book/9780123742650"
9780444532404,"Semiconductors and the Information Revolution",2009,,,"Academic Press","Orton, John","http://www.sciencedirect.com/science/book/9780444532404"
9780123743541,"Computer and Information Security Handbook",2009,,,"Morgan Kaufmann","Vacca, John","http://www.sciencedirect.com/science/book/9780123743541"
9780123744456,"Building the Agile Enterprise",2009,,"The MK/OMG Press","Morgan Kaufmann","Cummins, Fred","http://www.sciencedirect.com/science/book/9780123744456"
9780123743435,"Three-dimensional Integrated Circuit Design",2009,,,"Morgan Kaufmann","Pavlidis, Vasilis","http://www.sciencedirect.com/science/book/9780123743435"
9781597492836,"Next Generation SSH2 Implementation",2009,,,"Syngress","Liu, Dale","http://www.sciencedirect.com/science/book/9781597492836"
9780123747204,"Database Archiving",2009,,"The MK/OMG Press","Morgan Kaufmann","Olson, Jack","http://www.sciencedirect.com/science/book/9780123747204"
9780123747303,"Relational Database Design (Third Edition)",2009,,,"Morgan Kaufmann","Harrington, Jan","http://www.sciencedirect.com/science/book/9780123747303"
9780123747228,"Joe Celko's Data, Measurements and Standards in SQL",2010,,,"Morgan Kaufmann","Celko, Joe","http://www.sciencedirect.com/science/book/9780123747228"
9780123744234,"Networked Graphics",2009,,,"Morgan Kaufmann","Steed, Anthony","http://www.sciencedirect.com/science/book/9780123744234"
9780123744616,"Deploying QoS for Cisco IP and Next Generation Networks",2009,,,"Morgan Kaufmann","Joseph, Vinod","http://www.sciencedirect.com/science/book/9780123744616"
9781597492843,"SAP Security Configuration and Deployment",2009,,,"Syngress","Hirao, Joey","http://www.sciencedirect.com/science/book/9781597492843"
9781856175074,"Bebop to the Boolean Boogie (Third Edition)",2009,,,"Newnes","Maxfield, Clive","http://www.sciencedirect.com/science/book/9781856175074"
9780123745415,"The Illustrated Network",2009,,,"Morgan Kaufmann","Goralski, Walter","http://www.sciencedirect.com/science/book/9780123745415"
9781597492966,"E-discovery: Creating and Managing an Enterprisewide Program",2008,,,"Syngress","Schuler, Karen","http://www.sciencedirect.com/science/book/9781597492966"
9781597492867,"Nokia Firewall, VPN, and IPSO Configuration Guide",2009,,,"Syngress","Hay, Andrew","http://www.sciencedirect.com/science/book/9781597492867"
9781597492850,"GFI Network Security and PCI Compliance Power Tools",2009,,,"Syngress","Posey, Brien","http://www.sciencedirect.com/science/book/9781597492850"
9780123744388,"Low-Power Design of Nanometer FPGAs",2009,"1875-9661","Systems on Silicon","Morgan Kaufmann","Hassan, Hassan","http://www.sciencedirect.com/science/book/9780123744388"
9781597493055,"Virtualization for Security",2009,,,"Syngress","Hoopes, John","http://www.sciencedirect.com/science/book/9781597493055"
9780123748577,"How to Build a Digital Library (Second Edition)",2010,,"The Morgan Kaufmann Series in Multimedia Information and Systems","Morgan Kaufmann","Witten, Ian","http://www.sciencedirect.com/science/book/9780123748577"
9780123744791,"Disappearing Cryptography (Third Edition)",2009,,"The Morgan Kaufmann Series in Software Engineering and Programming","Morgan Kaufmann","Wayner, Peter","http://www.sciencedirect.com/science/book/9780123744791"
9780123748522,"Handbook of Global User Research",2010,,,"Morgan Kaufmann","Schumacher, Robert","http://www.sciencedirect.com/science/book/9780123748522"
9780123745408,"TCP/IP Sockets in C (Second Edition)",2009,,,"Morgan Kaufmann","Donahoo, Michael","http://www.sciencedirect.com/science/book/9780123745408"
9780123745156,"Why Programs Fail (Second Edition)",2009,,,"Morgan Kaufmann","Zeller, Andreas","http://www.sciencedirect.com/science/book/9780123745156"
9781597492980,"Mobile Malware Attacks and Defense",2009,,,"Syngress","Dunham, Ken","http://www.sciencedirect.com/science/book/9781597492980"
9780123744012,"Broadband Cable Access Networks",2009,"1875-9351","The Morgan Kaufmann Series in Networking","Morgan Kaufmann","Large, David","http://www.sciencedirect.com/science/book/9780123744012"
9780123744524,"Fault-Zone Properties and Earthquake Rupture Dynamics",2009,"0074-6142","International Geophysics","Academic Press","Fukuyama, Eiichi","http://www.sciencedirect.com/science/book/9780123744524"
9780120884254,"The Earth's Ionosphere",2009,"0074-6142","International Geophysics","Academic Press","Kelley, Michael","http://www.sciencedirect.com/science/book/9780120884254"
9780123735768,"Paleoseismology",2009,"0074-6142","International Geophysics","Academic Press","McCalpin, James","http://www.sciencedirect.com/science/book/9780123735768"
9780444533647,"The Changing Alpine Treeline",2009,"0928-2025","Developments in Earth Surface Processes","Elsevier Science","Butler, David","http://www.sciencedirect.com/science/book/9780444533647"
9780444511157,"Handbook of Stable Isotope Analytical Techniques: Volume II",2009,,,"Elsevier Science","de Groot, Pier","http://www.sciencedirect.com/science/book/9780444511157"
9780444528476,"Antarctic Climate Evolution",2008,"1571-9197","Developments in Earth and Environmental Sciences","Elsevier Science","Florindo, Fabio","http://www.sciencedirect.com/science/book/9780444528476"
9780444529954,"Principles of the Magnetic Methods in Geophysics",2008,"0076-6895","Methods in Geochemistry and Geophysics","Elsevier Science","Kaufman, Alex","http://www.sciencedirect.com/science/book/9780444529954"
9780444529640,"The Fly River, Papu a New Guinea: Environmental Studies in an Impacted Tropical River System",2008,"1571-9197","Developments in Earth and Environmental Sciences","Elsevier Science","Bolton, Barrie","http://www.sciencedirect.com/science/book/9780444529640"
9780444529916,"Multiphase Flow Metering",2009,"0376-7361","Developments in Petroleum Science","Elsevier Science","Falcone, Gioia","http://www.sciencedirect.com/science/book/9780444529916"
9780444518170,"Global Sedimentology of the Ocean: An Interplay between Geodynamics and Paleoenvironment",2008,"1572-5480","Developments in Marine Geology","Elsevier Science","Robert, Christian","http://www.sciencedirect.com/science/book/9780444518170"
9780444529985,"Contourites",2008,"0070-4571","Developments in Sedimentology","Elsevier Science","Rebesco, M.","http://www.sciencedirect.com/science/book/9780444529985"
9780444513250,"Geochemical Anomaly and Mineral Prospectivity Mapping in GIS",2009,"1874-2734","Handbook of Exploration and Environmental Geochemistry","Elsevier Science","Carranza, E.J.M.","http://www.sciencedirect.com/science/book/9780444513250"
9780444533487,"Ground Penetrating Radar Theory and Applications",2009,,,"Elsevier Science","Jol, Harry","http://www.sciencedirect.com/science/book/9780444533487"
9780444504258,"The Sedimentary Basins of the United States and Canada",2008,"1874-5997","Sedimentary Basins of the World","Elsevier Science","Miall, Andrew","http://www.sciencedirect.com/science/book/9780444504258"
9780444529565,"Evolution and Geological Significance of Larger Benthic Foraminifera",2008,"0920-5446","Developments in Palaeontology and Stratigraphy","Elsevier Science","BouDagher-Fadel, Marcelle","http://www.sciencedirect.com/science/book/9780444529565"
9780444529633,"-- No Book Title available --",2009,"0076-6895","Methods in Geochemistry and Geophysics","Elsevier Science","Zhdanov, Michael","http://www.sciencedirect.com/science/book/9780444529633"
9780444527332,"Shore Processes and their Palaeoenvironmental Applications",2008,"1572-5480","Developments in Marine Geology","Elsevier Science","Anthony, Edward","http://www.sciencedirect.com/science/book/9780444527332"
9780444531179,"Natural Hazards and Human-Exacerbated Disasters in Latin America",2009,"0928-2025","Developments in Earth Surface Processes","Elsevier Science","Latrubesse, Edgardo","http://www.sciencedirect.com/science/book/9780444531179"
9780444532107,"Well Completion Design",2009,"0376-7361","Developments in Petroleum Science","Elsevier Science","Bellarby, Jonathan","http://www.sciencedirect.com/science/book/9780444532107"
9780444532497,"Neoproterozoic-Cambrian Tectonics, Global Change And Evolution: A Focus On South Western Gondwana",2009,"0166-2635","Developments in Precambrian Geology","Elsevier Science","Gaucher, Claudio","http://www.sciencedirect.com/science/book/9780444532497"
9780444532473,"Quaternary Coral Reef Systems: History, Development Processes and Controlling Factors",2009,"1572-5480","Developments in Marine Geology","Elsevier Science","Montaggioni, Lucien","http://www.sciencedirect.com/science/book/9780444532473"
9780123745019,"Solar Energy Engineering",2009,,,"Academic Press","Kalogirou, Soteris A.","http://www.sciencedirect.com/science/book/9780123745019"
9780080568874,"Analytical Methods for Energy Diversity & Security",2009,"1571-4985","Elsevier Global Energy Policy and Economics Series","Elsevier Science","Bazilian, Morgan","http://www.sciencedirect.com/science/book/9780080568874"
9780123746399,"Fundamentals of Renewable Energy Processes (Second Edition)",2009,,,"Academic Press","da Rosa, Aldo","http://www.sciencedirect.com/science/book/9780123746399"
9780123705471,"Nuclear Energy (Sixth Edition)",2009,,,"Butterworth-Heinemann","Raymond L. Murray","http://www.sciencedirect.com/science/book/9780123705471"
9781933762302,"The Fundamentals of Corrosion and Scaling for Petroleum & Environmental Engineers",2009,,,"Gulf Publishing Company","Chilingar, George V.","http://www.sciencedirect.com/science/book/9781933762302"
9781933762241,"Managed Pressure Drilling",2009,,,"Gulf Publishing Company","Rehm, Bill","http://www.sciencedirect.com/science/book/9781933762241"
9781933762258,"Enhanced Recovery Methods for Heavy Oil and Tar Sands",2009,,,"Gulf Publishing Company","Speight, James","http://www.sciencedirect.com/science/book/9781933762258"
9781845690489,"Engineering Textiles",2009,,,"Woodhead Publishing","El Mogahzy, Y","http://www.sciencedirect.com/science/book/9781845690489"
9781845693008,"Weld Cracking in Ferrous Alloys",2009,,"Woodhead Publishing Series in Textiles","Woodhead Publishing","Singh, R","http://www.sciencedirect.com/science/book/9781845693008"
9781845694081,"Failure, Distress and Repair of Concrete Structures",2009,,"Woodhead Publishing Series in Welding and Other Joining Technologies","Woodhead Publishing","Delatte, N","http://www.sciencedirect.com/science/book/9781845694081"
9781845694128,"Wheel-Rail Interface Handbook",2009,,"Woodhead Publishing Series in Civil and Structural Engineering","Woodhead Publishing","Lewis, R.","http://www.sciencedirect.com/science/book/9781845694128"
9781845695699,"A Quick Guide to API 570 Certified Pipework Inspector Syllabus",2009,,,"Woodhead Publishing","Matthews, Clifford","http://www.sciencedirect.com/science/book/9781845695699"
9781845693497,"Sustainability of Construction Materials",2009,,,"Woodhead Publishing","Khatib, J","http://www.sciencedirect.com/science/book/9781845693497"
9781845695828,"Multiaxial Notch Fatigue",2009,,"Woodhead Publishing Series in Civil and Structural Engineering","Woodhead Publishing","Susmel, L","http://www.sciencedirect.com/science/book/9781845695828"
9781845693510,"Interior Textiles",2009,,"Woodhead Publishing Series in Metals and Surface Engineering","Woodhead Publishing","Rowe, T","http://www.sciencedirect.com/science/book/9781845693510"
9781845693572,"Smart Clothes and Wearable Technology",2009,,"Woodhead Publishing Series in Textiles","Woodhead Publishing","McCann, J","http://www.sciencedirect.com/science/book/9781845693572"
9781845693695,"Architectural Glass to Resist Seismic and Extreme Climatic Events",2009,,"Woodhead Publishing Series in Textiles","Woodhead Publishing","Behr, R A","http://www.sciencedirect.com/science/book/9781845693695"
9781845693701,"Hybrid Laser-Arc Welding",2009,,"Woodhead Publishing Series in Civil and Structural Engineering","Woodhead Publishing","Olsen, F O","http://www.sciencedirect.com/science/book/9781845693701"
9781845693893,"Advanced Direct Injection Combustion Engine Technologies and Development",2009,,"Woodhead Publishing Series in Welding and Other Joining Technologies","Woodhead Publishing","Zhao, H","http://www.sciencedirect.com/science/book/9781845693893"
9781845693862,"Advances in Marine Antifouling Coatings and Technologies",2009,,,"Woodhead Publishing","Hellio, C","http://www.sciencedirect.com/science/book/9781845693862"
9781845695187,"Structural Dynamics of Earthquake Engineering",2009,,"Woodhead Publishing Series in Metals and Surface Engineering","Woodhead Publishing","Rajasekaran, S","http://www.sciencedirect.com/science/book/9781845695187"
9781845695309,"Fatal Accidents",2009,,"Woodhead Publishing Series in Civil and Structural Engineering","Woodhead Publishing","Lancaster, J. F.","http://www.sciencedirect.com/science/book/9781845695309"
9781845696412,"A Quick Guide to Welding and Weld Inspection",2009,,,"Woodhead Publishing","Hughes, S E","http://www.sciencedirect.com/science/book/9781845696412"
9781845693923,"Structural Health Monitoring of Civil Infrastructure Systems",2009,,"Woodhead Publishing Series in Welding and Other Joining Technologies","Woodhead Publishing","Karbhari, V M","http://www.sciencedirect.com/science/book/9781845693923"
9781845693336,"Advances in Carpet Manufacture",2009,,"Woodhead Publishing Series in Civil and Structural Engineering","Woodhead Publishing","Goswami, K K","http://www.sciencedirect.com/science/book/9781845693336"
9781855737402,"Fatigue in Railway Infrastructure",2009,,"Woodhead Publishing Series in Textiles","Woodhead Publishing","Robinson, A M","http://www.sciencedirect.com/science/book/9781855737402"
9780750685610,"Terramechanics and Off-Road Vehicle Engineering (Second Edition)",2009,,,"Butterworth-Heinemann","Wong, J.Y.","http://www.sciencedirect.com/science/book/9780750685610"
9780123736604,"Food Process Engineering and Technology",2009,,"Food Science and Technology","Academic Press","Berk, Zeki","http://www.sciencedirect.com/science/book/9780123736604"
9780815520511,"Additives for Polyolefins",2009,,,"William Andrew","Tolinski, Michael","http://www.sciencedirect.com/science/book/9780815520511"
9780815520757,"Rubber Seals for Fluid and Hydraulic Systems",2010,,"Plastics Design Library","William Andrew","Chandrasekaran, Chellappa","http://www.sciencedirect.com/science/book/9780815520757"
9781856176941,"Up and Running with Autodesk Inventor Simulation 2010",2009,,,"Butterworth-Heinemann","Younis, Wasim","http://www.sciencedirect.com/science/book/9781856176941"
9780815520238,"Applied Nanotechnology",2009,,"Micro and Nano Technologies","William Andrew","Ramsden, Jeremy","http://www.sciencedirect.com/science/book/9780815520238"
9781856176774,"Construction Delays (Second Edition)",2009,,,"Butterworth-Heinemann","Trauner, Theodore J.","http://www.sciencedirect.com/science/book/9781856176774"
9780815520184,"Principles of Modern Grinding Technology",2009,,,"William Andrew","Rowe, W. Brian","http://www.sciencedirect.com/science/book/9780815520184"
9781856177498,"Vehicle Handling Dynamics",2009,,,"Butterworth-Heinemann","Abe, Masato","http://www.sciencedirect.com/science/book/9781856177498"
9781856176552,"Generating Electricity in a Carbon-Constrained World",2010,,,"Academic Press","Sioshansi, Fereidoon","http://www.sciencedirect.com/science/book/9781856176552"
9781856178020,"Nuclear Corrosion Modelling",2009,,,"Butterworth-Heinemann","Castelli, Roy","http://www.sciencedirect.com/science/book/9781856178020"
9781856177511,"Programmable Logic Controllers (Fifth Edition)",2009,,,"Newnes","Bolton, W.","http://www.sciencedirect.com/science/book/9781856177511"
9780080552330,"Fundamentals of HVAC Control Systems",2007,,,"Elsevier Science","McDowall, Robert","http://www.sciencedirect.com/science/book/9780080552330"
9780080445656,"Compressibility, Turbulence and High Speed Flow",2009,,,"Elsevier Science","Gatski, Thomas","http://www.sciencedirect.com/science/book/9780080445656"
9780080443164,"Nonlinear Magnetization Dynamics in Nanosystems",2009,"1567-2131","Elsevier Series in Electromagnetism","Elsevier Science","Mayergoyz, Isaak","http://www.sciencedirect.com/science/book/9780080443164"
9780750685313,"The Science and Engineering of Cutting",2009,,,"Butterworth-Heinemann","Atkins, Tony","http://www.sciencedirect.com/science/book/9780750685313"
9780750683081,"Instrumentation Reference Book (Fourth Edition)",2010,,,"Butterworth-Heinemann","Boyes, Walt","http://www.sciencedirect.com/science/book/9780750683081"
9780123725790,"Fiber Bragg Gratings (Second Edition)",2010,,,"Academic Press","Kashyap, Raman","http://www.sciencedirect.com/science/book/9780123725790"
9780750668439,"Water Supply (Sixth Edition)",2009,,,"Butterworth-Heinemann","Ratnayaka, Don D.","http://www.sciencedirect.com/science/book/9780750668439"
9780080446738,"Advanced Mathematical Tools for Automatic Control Engineers: Stochastic Techniques, Volume 2",2009,,,"Elsevier Science","Poznyak, Alex","http://www.sciencedirect.com/science/book/9780080446738"
9780080451473,"Railway Noise and Vibration",2010,,,"Elsevier Science","Thompson, David","http://www.sciencedirect.com/science/book/9780080451473"
9780750681490,"Nanomaterials, Nanotechnologies and Design",2009,,,"Butterworth-Heinemann","Schodek, Daniel","http://www.sciencedirect.com/science/book/9780750681490"
9780750682879,"Materials Enabled Designs",2009,,,"Butterworth-Heinemann","Pfeifer, Michael","http://www.sciencedirect.com/science/book/9780750682879"
9780080451411,"Energy Optimization in Process Systems",2009,,,"Elsevier Science","Sieniutycz, Stanislaw","http://www.sciencedirect.com/science/book/9780080451411"
9780123739049,"Handbook of Medical Image Processing and Analysis (Second Edition)",2009,,,"Academic Press","Bankman, Isaac","http://www.sciencedirect.com/science/book/9780123739049"
9780123708953,"Air and Gas Drilling Manual (Third Edition)",2009,,,"Gulf Professional Publishing","Lyons, PhD, PE,, William C.","http://www.sciencedirect.com/science/book/9780123708953"
9780750684460,"Crack Analysis in Structural Concrete",2009,,,"Butterworth-Heinemann","Shi, Zihai","http://www.sciencedirect.com/science/book/9780750684460"
9780123741417,"Cross-Layer Resource Allocation in Wireless Communications",2009,,,"Academic Press","Perez-Neira, Ana","http://www.sciencedirect.com/science/book/9780123741417"
9780750684903,"Natural Gas Hydrates (Second Edition)",2009,,,"Gulf Professional Publishing","Carroll, John","http://www.sciencedirect.com/science/book/9780750684903"
9780123738653,"Fiber Optic Measurement Techniques",2009,,,"Academic Press","Hui, Rongqing","http://www.sciencedirect.com/science/book/9780123738653"
9780750683883,"System Engineering For IMS Networks",2009,,,"Newnes","Handa, Arun","http://www.sciencedirect.com/science/book/9780750683883"
9780750685672,"Mission-Critical and Safety-Critical Systems Handbook",2010,,,"Newnes","Fowler, Kim","http://www.sciencedirect.com/science/book/9780750685672"
9780750685894,"Computational Fluid Dynamics in Fire Engineering",2008,,,"Butterworth-Heinemann","Yeoh, Guan Heng","http://www.sciencedirect.com/science/book/9780750685894"
9780750685603,"Introduction to Continuum Mechanics (Fourth Edition)",2010,,,"Butterworth-Heinemann","Lai, W Michael","http://www.sciencedirect.com/science/book/9780750685603"
9780123743015,"Lens Design Fundamentals (Second Edition)",2010,,,"Academic Press","Kingslake, Rudolf","http://www.sciencedirect.com/science/book/9780123743015"
9780750685801,"Safety Design for Space Systems",2009,,,"Butterworth-Heinemann","Musgrave Ph.D, Gary","http://www.sciencedirect.com/science/book/9780750685801"
9780444532145,"Battery Operated Devices and Systems",2009,,,"Elsevier Science","Pistoia, Gianfranco","http://www.sciencedirect.com/science/book/9780444532145"
9780123743534,"Position Location Techniques and Applications",2009,,,"Academic Press","Munoz, David","http://www.sciencedirect.com/science/book/9780123743534"
9780123744463,"Elasticity (Second Edition)",2009,,,"Academic Press","Sadd, Martin","http://www.sciencedirect.com/science/book/9780123744463"
9780750687591,"Fixed/Mobile Convergence and Beyond",2008,,,"Newnes","Watson, Richard","http://www.sciencedirect.com/science/book/9780750687591"
9780750689847,"Pounder's Marine Diesel Engines and Gas Turbines (Ninth Edition)",2009,,,"Butterworth-Heinemann","Woodyard, Doug","http://www.sciencedirect.com/science/book/9780750689847"
9780750689854,"Manual of Engineering Drawing (Third Edition)",2009,,,"Butterworth-Heinemann","Colin Simmon","http://www.sciencedirect.com/science/book/9780750689854"
9780123744562,"The Essential Guide to Video Processing",2009,,,"Academic Press","Bovik, Alan","http://www.sciencedirect.com/science/book/9780123744562"
9780123744579,"The Essential Guide to Image Processing",2009,,,"Academic Press","Bovik, Alan","http://www.sciencedirect.com/science/book/9780123744579"
9780123744852,"Distributed Source Coding",2009,,,"Academic Press","Dragotti, Pier Luigi","http://www.sciencedirect.com/science/book/9780123744852"
9780123743701,"A Wavelet Tour of Signal Processing (Third Edition)",2009,,,"Academic Press","Mallat, Stephane","http://www.sciencedirect.com/science/book/9780123743701"
9780750689700,"Emulsions and Oil Treating Equipment",2009,,,"Gulf Professional Publishing","Stewart, Maurice","http://www.sciencedirect.com/science/book/9780750689700"
9780123745248,"Classical and Modern Direction-of-Arrival Estimation",2009,,,"Academic Press","Tuncer, Engin","http://www.sciencedirect.com/science/book/9780123745248"
9781856175029,"Groundwater Hydrology of Springs",2010,,,"Butterworth-Heinemann","Kresic, Neven","http://www.sciencedirect.com/science/book/9781856175029"
9781856175081,"Scalable VoIP Mobility",2009,,,"Newnes","Epstein, Joseph","http://www.sciencedirect.com/science/book/9781856175081"
9780750689793,"Gas-Liquid And Liquid-Liquid Separators",2008,,,"Gulf Professional Publishing","Stewart, Maurice","http://www.sciencedirect.com/science/book/9780750689793"
9780123746337,"Multi-Camera Networks",2009,,,"Academic Press","Aghajan, Hamid","http://www.sciencedirect.com/science/book/9780123746337"
9780123744982,"Digital Control Engineering",2009,,,"Academic Press","Fadali, M. Sami","http://www.sciencedirect.com/science/book/9780123744982"
9780750689717,"Complete PCB Design Using OrCAD Capture and PCB Editor",2009,,,"Newnes","Mitzner, Kraig","http://www.sciencedirect.com/science/book/9780750689717"
9780123747136,"Micro Fuel Cells",2009,,,"Academic Press","Zhao, Tim","http://www.sciencedirect.com/science/book/9780123747136"
9780123744494,"Joint Source-Channel Decoding",2010,,,"Academic Press","Duhamel, Pierre","http://www.sciencedirect.com/science/book/9780123744494"
9780815515739,"The Physics of Carbon Nanotube Devices",2009,,"Micro and Nano Technologies","William Andrew","Leonard, Francois","http://www.sciencedirect.com/science/book/9780815515739"
9780815515760,"Encapsulation Technologies for Electronic Applications",2009,,"Materials and Processes for Electronic Applications","William Andrew","Ardebili, Haleh","http://www.sciencedirect.com/science/book/9780815515760"
9780815515777,"Fabrication and Design of Resonant Microdevices",2008,,"Micro and Nano Technologies","William Andrew","Bahreyni, Behraad","http://www.sciencedirect.com/science/book/9780815515777"
9781856175593,"Materials and Innovative Product Development",2009,,,"Butterworth-Heinemann","Gessinger, Gernot","http://www.sciencedirect.com/science/book/9781856175593"
9780815515869,"Nanotechnology Environmental Health and Safety",2010,,"Micro and Nano Technologies","William Andrew","Hull, Matthew","http://www.sciencedirect.com/science/book/9780815515869"
9780815515876,"Micromachining Using Electrochemical Discharge Phenomenon",2009,,"Micro and Nano Technologies","William Andrew","Wuthrich, Rolf","http://www.sciencedirect.com/science/book/9780815515876"
9780815515920,"Microwave/RF Applicators and Probes for Material Heating, Sensing, and Plasma Generation",2009,,,"William Andrew","Mehdizadeh, Mehrdad","http://www.sciencedirect.com/science/book/9780815515920"
9781856175067,"Electrical Engineering 101 (Second Edition)",2009,,,"Newnes","Ashby, Darren","http://www.sciencedirect.com/science/book/9781856175067"
9780123745354,"Cognitive Radio Technology (Second Edition)",2009,,,"Academic Press","Fette, Bruce","http://www.sciencedirect.com/science/book/9780123745354"
9780815515791,"Hot Embossing",2009,,"Micro and Nano Technologies","William Andrew","Worgull, Matthias","http://www.sciencedirect.com/science/book/9780815515791"
9780815515838,"Emerging Nanotechnologies for Manufacturing",2009,,"Micro and Nano Technologies","William Andrew","Ahmed, Waqar","http://www.sciencedirect.com/science/book/9780815515838"
9781856175050,"Op Amps for Everyone (Third Edition)",2009,,,"Newnes","Bruce Carter","http://www.sciencedirect.com/science/book/9781856175050"
9780815515951,"Engineering Documentation Control Handbook (Third Edition)",2009,,,"William Andrew","Watts, Frank B.","http://www.sciencedirect.com/science/book/9780815515951"
9780123747082,"Human-Centric Interfaces for Ambient Intelligence",2010,,,"Academic Press","Aghajan, Hamid","http://www.sciencedirect.com/science/book/9780123747082"
9781856175494,"Concrete Structures",2009,,,"Butterworth-Heinemann","Woodson, R. Dodge","http://www.sciencedirect.com/science/book/9781856175494"
9781856175579,"Electrical Submersible Pumps Manual",2009,,,"Gulf Professional Publishing","Takacs, Gabor","http://www.sciencedirect.com/science/book/9781856175579"
9781856175500,"Structural Analysis",2009,,,"Butterworth-Heinemann","Williams, Alan","http://www.sciencedirect.com/science/book/9781856175500"
9781856175562,"Cohesive Sediments in Open Channels",2009,,,"Butterworth-Heinemann","Partheniades, Emmanuel","http://www.sciencedirect.com/science/book/9781856175562"
9780123746238,"A Guide to Microsoft Excel 2007 for Scientists and Engineers",2008,,,"Academic Press","Liengme, Bernard","http://www.sciencedirect.com/science/book/9780123746238"
9781856175005,"Pipeline Rules of Thumb Handbook (Seventh Edition)",2009,,,"Gulf Professional Publishing","McAllister, E.W.","http://www.sciencedirect.com/science/book/9781856175005"
9781855738348,"Functional Assessment of Wetlands",2009,,,"Woodhead Publishing","Maltby, E.","http://www.sciencedirect.com/science/book/9781855738348"
9781904275428,"Air",2009,,,"Woodhead Publishing","Fahy, F","http://www.sciencedirect.com/science/book/9781904275428"
9780123694492,"Rivers of Europe",2009,,,"Academic Press","Tockner, Klement","http://www.sciencedirect.com/science/book/9780123694492"
9780126278651,"Quantitative Ecology (Second Edition)",2009,,,"Academic Press","Schneider, David","http://www.sciencedirect.com/science/book/9780126278651"
9780123736314,"Models for Planning Wildlife Conservation in Large Landscapes",2009,,,"Academic Press","Millspaugh, Joshua","http://www.sciencedirect.com/science/book/9780123736314"
9780123741745,"The Ecology of Large Mammals in Central Yellowstone",2008,"1936-7961","Terrestrial Ecology","Academic Press","Garrott, Robert","http://www.sciencedirect.com/science/book/9780123741745"
9780080952017,"Air Quality and Ecological Impacts: Relating Sources to Effects",2009,"1474-8177","Developments in Environmental Science","Elsevier Science","Legge, Allan","http://www.sciencedirect.com/science/book/9780080952017"
9780080438733,"Environmental Radionuclides: Tracers and Timers of Terrestrial Processes",2009,"1569-4860","Radioactivity in the Environment","Elsevier Science","Froehlich, Klaus","http://www.sciencedirect.com/science/book/9780080438733"
9780080449890,"Airborne Radioactive Contamination in Inhabited Areas",2009,"1569-4860","Radioactivity in the Environment","Elsevier Science","Andersson, K.G.","http://www.sciencedirect.com/science/book/9780080449890"
9780080448626,"Remediation of Contaminated Environments",2009,"1569-4860","Radioactivity in the Environment","Elsevier Science","Voigt, G.","http://www.sciencedirect.com/science/book/9780080448626"
9780123741929,"Handbook of Water Purity and Quality",2009,,,"Academic Press","Ahuja, Satinder","http://www.sciencedirect.com/science/book/9780123741929"
9780080556093,"Wildland Fires and Air Pollution",2008,"1474-8177","Developments in Environmental Science","Elsevier Science","Bytnerowicz, Andrzej","http://www.sciencedirect.com/science/book/9780080556093"
9780080568867,"Environmental Modelling, Software and Decision Support",2008,"1574-101X","Developments in Integrated Environmental Assessment","Elsevier Science","Jakeman, Anthony J.","http://www.sciencedirect.com/science/book/9780080568867"
9780444532930,"Environmental Futures",2008,"1574-101X","Developments in Integrated Environmental Assessment","Elsevier Science","Alcamo, J.","http://www.sciencedirect.com/science/book/9780444532930"
9780444533012,"Climate Change",2009,,,"Elsevier Science","Letcher, Trevor","http://www.sciencedirect.com/science/book/9780444533012"
9780750681315,"Controlling Collaboration Between Firms",2009,,,"CIMA Publishing","Ditillo, Angelo","http://www.sciencedirect.com/science/book/9780750681315"
9780750687386,"Accounting in a Nutshell (Third Edition)",2009,,"CIMA Professional Handbook","CIMA Publishing","Walker, Janet","http://www.sciencedirect.com/science/book/9780750687386"
9780080554501,"Handbook of Management Accounting Research",2008,"1751-3243","Handbooks of Management Accounting Research","Elsevier Science","Hopwood, Anthony G.","http://www.sciencedirect.com/science/book/9780080554501"
9781856175258,"The Benefits of e-Business Performance Measurement Systems",2008,,,"CIMA Publishing","Hinton, Matthew","http://www.sciencedirect.com/science/book/9781856175258"
9781856175517,"Financial Planning Using Excel (Second Edition)",2009,,"CIMA Professional Handbook","CIMA Publishing","Nugus, Sue","http://www.sciencedirect.com/science/book/9781856175517"
9781856175456,"IFRS: A Quick Reference Guide",2008,,,"CIMA Publishing","Kirk, Robert","http://www.sciencedirect.com/science/book/9781856175456"
9780750687010,"Finance Director's Handbook (Fifth Edition)",2009,,,"CIMA Publishing","Morris, Glynis","http://www.sciencedirect.com/science/book/9780750687010"
9780750683821,"Corporate Governance",2009,,,"CIMA Publishing","Turner, Catherine","http://www.sciencedirect.com/science/book/9780750683821"
9780750683838,"International Business Control, Reporting and Corporate Governance",2009,,,"CIMA Publishing","Nurdin, Georges","http://www.sciencedirect.com/science/book/9780750683838"
9781856176828,"Don't Blame the Tools",2009,,,"CIMA Publishing","Daniel, Elizabeth","http://www.sciencedirect.com/science/book/9781856176828"
9781856176804,"A Study of Performance Measurement in the Outsourcing Decision",2009,,,"CIMA Publishing","McIvor, Ronan","http://www.sciencedirect.com/science/book/9781856176804"
9781856176798,"Management Accounting in Enterprise Resource Planning Systems",2009,,,"CIMA Publishing","Grabski, Severin","http://www.sciencedirect.com/science/book/9781856176798"
9780123742582,"Handbook of Financial Markets: Dynamics and Evolution",2009,"1568-4997","Handbooks in Finance","North Holland","Hens, Thorsten","http://www.sciencedirect.com/science/book/9780123742582"
9780123745224,"Collectible Investments for the High Net Worth Investor",2009,,,"Academic Press","Satchell, Stephen","http://www.sciencedirect.com/science/book/9780123745224"
9780750686211,"Due Diligence Handbook",2009,,,"CIMA Publishing","Spedding, Linda S.","http://www.sciencedirect.com/science/book/9780750686211"
9780750684194,"Non-Executive Director's Handbook (Second Edition)",2008,,,"CIMA Publishing","Dunne, Patrick","http://www.sciencedirect.com/science/book/9780750684194"
9780123749017,"Economic Capital",2009,,,"Elsevier Science","Klaassen, Pieter","http://www.sciencedirect.com/science/book/9780123749017"
9780123742520,"Electronic Exchanges",2008,,,"Elsevier Science","Gorham, Michael","http://www.sciencedirect.com/science/book/9780123742520"
9780750686471,"Practical Financial Modelling (Second Edition)",2008,,,"CIMA Publishing","Swan, Jonathan","http://www.sciencedirect.com/science/book/9780750686471"
9780444532657,"Handbook of Empirical Corporate Finance",2009,"1568-4997","Handbooks in Finance","North Holland","Eckbo, B. Espen","http://www.sciencedirect.com/science/book/9780444532657"
9780123744210,"The Future of the Financial Exchanges",2009,,"The Elsevier and Mondo Visione World Capital Markets","Elsevier Science","Skeete, Herbie","http://www.sciencedirect.com/science/book/9780123744210"
9780123736833,"Rating Based Modeling of Credit Risk",2009,"1872-7255","Academic Press Advanced Finance","Academic Press","Trueck, Stefan","http://www.sciencedirect.com/science/book/9780123736833"
9780123745460,"Microbial Glycobiology",2009,,,"Academic Press","Moran, Anthony","http://www.sciencedirect.com/science/book/9780123745460"
9780123694089,"Vaccines for Biodefense and Emerging and Neglected Diseases",2009,,,"Academic Press","Barrett, Alan D.T.","http://www.sciencedirect.com/science/book/9780123694089"
9780123693686,"Bluetongue",2008,,,"Academic Press","Mertens, Peter","http://www.sciencedirect.com/science/book/9780123693686"
9780123742353,"HIV Prevention",2009,,,"Academic Press","Mayer, Kenneth","http://www.sciencedirect.com/science/book/9780123742353"
9780444532299,"Neurogenic Inflammation in Health and Disease",2009,"1567-7443","NeuroImmune Biology","Elsevier Science","Jancso, Gabor","http://www.sciencedirect.com/science/book/9780444532299"
9780444531698,"Antiphospholipid Syndrome in Systemic Autoimmune Diseases",2009,"1571-5078","Handbook of Systemic Autoimmune Diseases","Elsevier Science","Cervera, R.","http://www.sciencedirect.com/science/book/9780444531698"
9780123705860,"A History of Immunology (Second Edition)",2009,,,"Academic Press","Silverstein, Arthur","http://www.sciencedirect.com/science/book/9780123705860"
9781845692179,"Failure Analysis and Fractography of Polymer Composites",2009,,,"Woodhead Publishing","Greenhalgh, E S","http://www.sciencedirect.com/science/book/9781845692179"
9781845692711,"Advanced Textiles for Wound Care",2009,,"Woodhead Publishing Series in Composites Science and Engineering","Woodhead Publishing","Rajendran, S","http://www.sciencedirect.com/science/book/9781845692711"
9781845693275,"Fatigue Failure of Textile Fibres",2009,,"Woodhead Publishing Series in Textiles","Woodhead Publishing","Miraftab, M","http://www.sciencedirect.com/science/book/9781845693275"
9781845694111,"Textiles for Cold Weather Apparel",2009,,"Woodhead Publishing Series in Textiles","Woodhead Publishing","Williams, J T","http://www.sciencedirect.com/science/book/9781845694111"
9781845694197,"Surface Modification of Textiles",2009,,"Woodhead Publishing Series in Textiles","Woodhead Publishing","Wei, Q","http://www.sciencedirect.com/science/book/9781845694197"
9781845693589,"Cellular Response to Biomaterials",2009,,"Woodhead Publishing Series in Textiles","Woodhead Publishing","Di Silvio, L","http://www.sciencedirect.com/science/book/9781845693589"
9781845693459,"Corrosion Control in the Aerospace Industry",2009,,"Woodhead Publishing Series in Biomaterials","Woodhead Publishing","Benavides, S","http://www.sciencedirect.com/science/book/9781845693459"
9781845693633,"Biomaterials for Treating Skin Loss",2009,,"Woodhead Publishing Series in Metals and Surface Engineering","Woodhead Publishing","Orgill, D P","http://www.sciencedirect.com/science/book/9781845693633"
9781845694203,"Development of Packaging and Products for Use in Microwave Ovens",2009,,"Woodhead Publishing Series in Biomaterials","Woodhead Publishing","Lorence, M W","http://www.sciencedirect.com/science/book/9781845694203"
9781845693756,"Titanium Alloys",2009,,,"Woodhead Publishing","Sha, W","http://www.sciencedirect.com/science/book/9781845693756"
9781845693800,"Handbook of Textile Fibre Structure",2009,,"Woodhead Publishing Series in Metals and Surface Engineering","Woodhead Publishing","Eichhorn, S","http://www.sciencedirect.com/science/book/9781845693800"
9781845691349,"Engineering Apparel Fabrics and Garments",2009,,"Woodhead Publishing Series in Textiles","Woodhead Publishing","Fan, J","http://www.sciencedirect.com/science/book/9781845691349"
9781845694494,"Geopolymers",2009,,"Woodhead Publishing Series in Textiles","Woodhead Publishing","Provis, J L","http://www.sciencedirect.com/science/book/9781845694494"
9781845693329,"Advances in Wool Technology",2009,,"Woodhead Publishing Series in Civil and Structural Engineering","Woodhead Publishing","Johnson, N A G","http://www.sciencedirect.com/science/book/9781845693329"
9781845694029,"Biomaterials and Tissue Engineering in Urology",2009,,"Woodhead Publishing Series in Textiles","Woodhead Publishing","Denstedt, J","http://www.sciencedirect.com/science/book/9781845694029"
9781845693442,"Shape Memory Alloys for Biomedical Applications",2009,,"Woodhead Publishing Series in Biomaterials","Woodhead Publishing","Yoneyama, T","http://www.sciencedirect.com/science/book/9781845693442"
9781845695293,"Materials Science for Dentistry",2009,,"Woodhead Publishing Series in Biomaterials","Woodhead Publishing","Darvell, B W","http://www.sciencedirect.com/science/book/9781845695293"
9781845692070,"Polyolefin Fibres",2009,,"Woodhead Publishing Series in Biomaterials","Woodhead Publishing","Ugbolue, S C O","http://www.sciencedirect.com/science/book/9781845692070"
9781845693961,"Advances in Polymer Processing",2009,,"Woodhead Publishing Series in Textiles","Woodhead Publishing","Thomas, S","http://www.sciencedirect.com/science/book/9781845693961"
9781845692698,"Science and Engineering of Short Fibre Reinforced Polymer Composites",2009,,,"Woodhead Publishing","Fu, S-Y","http://www.sciencedirect.com/science/book/9781845692698"
9781845696320,"Laser Cooling of Solids",2009,,"Woodhead Publishing Series in Composites Science and Engineering","Woodhead Publishing","Petrushkin, S V","http://www.sciencedirect.com/science/book/9781845696320"
9781845692667,"Identification of Textile Fibers",2009,,"Woodhead Publishing Series in Electronic and Optical Materials","Woodhead Publishing","Houck, M M","http://www.sciencedirect.com/science/book/9781845692667"
9781845693879,"Handbook of Tensile Properties of Textile and Technical Fibres",2009,,"Woodhead Publishing Series in Textiles","Woodhead Publishing","Bunsell, A. R.","http://www.sciencedirect.com/science/book/9781845693879"
9781845693855,"Bone Repair Biomaterials",2009,,"Woodhead Publishing Series in Textiles","Woodhead Publishing","Planell, J A","http://www.sciencedirect.com/science/book/9781845693855"
9781845694531,"Sustainable Textiles",2009,,"Woodhead Publishing Series in Biomaterials","Woodhead Publishing","Blackburn, R S","http://www.sciencedirect.com/science/book/9781845694531"
9781845697303,"Handbook of Textile Fibre Structure",2009,,"Woodhead Publishing Series in Textiles","Woodhead Publishing","Eichhorn, S","http://www.sciencedirect.com/science/book/9781845697303"
9781845696863,"Maraging Steels",2009,,"Woodhead Publishing Series in Textiles","Woodhead Publishing","Sha, W","http://www.sciencedirect.com/science/book/9781845696863"
9780815520214,"Multilayer Flexible Packaging",2009,,"Plastics Design Library","William Andrew","Wagner, Jr., John R.","http://www.sciencedirect.com/science/book/9780815520214"
9780815520313,"Handbook of Deposition Technologies for Films and Coatings (Third Edition)",2010,,,"William Andrew","Martin, Peter M.","http://www.sciencedirect.com/science/book/9780815520313"
9781856174220,"Handbook of Non-Ferrous Metal Powders",2009,,,"Elsevier Science","Neikov, Oleg","http://www.sciencedirect.com/science/book/9781856174220"
9780080464091,"CdTe and Related Compounds; Physics, Defects, Hetero- and Nano-structures, Crystal Growth, Surfaces and Applications, Part I",2010,,"European Materials Research Society Series","Elsevier Science","Triboulet, Robert","http://www.sciencedirect.com/science/book/9780080464091"
9780444531148,"Nanomagnetism and Spintronics",2009,,,"Elsevier Science","Shinjo, Teruya","http://www.sciencedirect.com/science/book/9780444531148"
9780080475615,"Fundamentals of Creep in Metals and Alloys (Second Edition)",2009,,,"Elsevier Science","Kassner, Michael","http://www.sciencedirect.com/science/book/9780080475615"
9780815515852,"The Effect of Creep and Other Time Related Factors on Plastics and Elastomers (Second Edition)",2009,,"Plastics Design Library","William Andrew","McKeen, Laurence ","http://www.sciencedirect.com/science/book/9780815515852"
9780444532855,"-- No Book Title available --",2009,"1572-4859","Dislocations in Solids","North Holland","Hirth, John","http://www.sciencedirect.com/science/book/9780444532855"
9780080449654,"Nanostructured Materials",2009,"1876-2778","Frontiers of Nanoscience","Elsevier Science","Wilde, Gerhard","http://www.sciencedirect.com/science/book/9780080449654"
9780857092236,"Fundamentals of University Mathematics",2010,,,"Woodhead Publishing","McGregor, C M","http://www.sciencedirect.com/science/book/9780857092236"
9781904275404,"Mathematical Analysis and Proof",2009,,,"Woodhead Publishing","Stirling, D","http://www.sciencedirect.com/science/book/9781904275404"
9781904275398,"Delta Functions",2009,,,"Woodhead Publishing","Hoskins, R F","http://www.sciencedirect.com/science/book/9781904275398"
9780123749406,"The Theory of Gambling and Statistical Logic (Second Edition)",2009,,,"Academic Press","Epstein, Richard","http://www.sciencedirect.com/science/book/9780123749406"
9780444520128,"Quantification in Nonclassical Logic",2009,"0049-237X","Studies in Logic and the Foundations of Mathematics","Elsevier Science","Gabbay, Dov M.","http://www.sciencedirect.com/science/book/9780444520128"
9780444515551,"Philosophy of Mathematics",2007,"1878-9846","Handbook of the Philosophy of Science","North Holland","Gabbay, Dov M.","http://www.sciencedirect.com/science/book/9780444515551"
9780444517265,"Philosophy of Information",2008,"1878-9846","Handbook of the Philosophy of Science","North Holland","Gabbay, Dov M.","http://www.sciencedirect.com/science/book/9780444517265"
9780444516206,"Logic from Russell to Church",2009,"1874-5857","Handbook of the History of Logic","North Holland","Gabbay, Dov M.","http://www.sciencedirect.com/science/book/9780444516206"
9780444528698,"Handbook of Quantum Logic and Quantum Structures: Quantum Logic",2008,,,"Elsevier Science","Engesser, Kurt","http://www.sciencedirect.com/science/book/9780444528698"
9780444532220,"Handbook of Differential Equations",2009,"1874-5717","Handbook of Differential Equations: Evolutionary Equations","North Holland","Dafermos, C.M.","http://www.sciencedirect.com/science/book/9780444532220"
9780444532411,"-- No Book Title available --",2008,"1874-5733","Handbook of Differential Equations: Stationary Partial Differential Equations","Elsevier Science","Chipot, Michel","http://www.sciencedirect.com/science/book/9780444532411"
9780444532572,"Handbook of Algebra",2009,"1570-7954","Handbook of Algebra","North Holland","Hazewinkel, M.","http://www.sciencedirect.com/science/book/9780444532572"
9780123747655,"Handbook of Statistical Analysis and Data Mining Applications",2009,,,"Academic Press","Nisbet, Robert","http://www.sciencedirect.com/science/book/9780123747655"
9780123744326,"Transfusion Medicine and Hemostasis",2009,,,"Elsevier Science","Shaz, Beth","http://www.sciencedirect.com/science/book/9780123744326"
9780123738707,"Textbook of Nephro-Endocrinology",2008,,,"Academic Press","Singh, Ajay","http://www.sciencedirect.com/science/book/9780123738707"
9780123742285,"Complementary and Alternative Therapies and the Aging Population",2009,,,"Academic Press","Watson, Ronald","http://www.sciencedirect.com/science/book/9780123742285"
9780123740014,"Asthma and COPD (Second Edition)",2009,,,"Academic Press","Barnes, Peter","http://www.sciencedirect.com/science/book/9780123740014"
9780080549583,"Fret and Flim Techniques",2009,"0075-7535","Laboratory Techniques in Biochemistry and Molecular Biology","Elsevier Science","Gadella, Theodorus","http://www.sciencedirect.com/science/book/9780080549583"
9780123742131,"Chesley's Hypertensive Disorders in Pregnancy (Third Edition)",2009,,,"Academic Press","Roberts, James","http://www.sciencedirect.com/science/book/9780123742131"
9780123741356,"Comprehensive Handbook of Iodine",2009,,,"Academic Press","Preedy, Victor","http://www.sciencedirect.com/science/book/9780123741356"
9780123706072,"Hematopathology",2008,,,"Academic Press","Naeim, Faramarz","http://www.sciencedirect.com/science/book/9780123706072"
9780123746207,"Handbook of Reward and Decision Making",2009,,,"Academic Press","Dreher, Jean-Claude","http://www.sciencedirect.com/science/book/9780123746207"
9780123747099,"Diffusion MRI",2009,,,"Academic Press","Johansen-Berg, Heidi","http://www.sciencedirect.com/science/book/9780123747099"
9780123745514,"Matlab for Neuroscientists",2009,,,"Academic Press","Wallisch, Pascal","http://www.sciencedirect.com/science/book/9780123745514"
9780123742483,"Neuromodulation",2009,,,"Academic Press","Krames, Elliot","http://www.sciencedirect.com/science/book/9780123742483"
9780123742476,"The Spinal Cord",2008,,,"Academic Press","Watson, Charles","http://www.sciencedirect.com/science/book/9780123742476"
9780123736796,"Science and the Media",2009,,,"Academic Press","Snyder, Peter","http://www.sciencedirect.com/science/book/9780123736796"
9780123743732,"Physiology and Pathology of Chloride Transporters and Channels in the Nervous System",2009,,,"Academic Press","Alvarez-Leefmans, F.","http://www.sciencedirect.com/science/book/9780123743732"
9780123741684,"The Neurology of Consciousness",2008,,,"Academic Press","Laureys, Steven","http://www.sciencedirect.com/science/book/9780123741684"
9780444531742,"Handbook of Episodic Memory",2008,"1569-7339","Handbook of Behavioral Neuroscience","Elsevier Science","Dere, Ekrem","http://www.sciencedirect.com/science/book/9780444531742"
9780123736444,"The Prefrontal Cortex (Fourth Edition)",2008,,,"Academic Press","Fuster, Joaquin","http://www.sciencedirect.com/science/book/9780123736444"
9780123741769,"Neuroeconomics",2009,,,"Academic Press","Glimcher, Paul W.","http://www.sciencedirect.com/science/book/9780123741769"
9780444520098,"History of Neurology",2009,"0072-9752","Handbook of Clinical Neurology","Elsevier","Finger, Stanley","http://www.sciencedirect.com/science/book/9780444520098"
9780444520036,"Stroke",2008,"0072-9752","Handbook of Clinical Neurology","Elsevier","Fisher, Marc","http://www.sciencedirect.com/science/book/9780444520036"
9780444520050,"Stroke Part III: Investigation and Management",2008,"0072-9752","Handbook of Clinical Neurology","Elsevier","Fisher, Marc","http://www.sciencedirect.com/science/book/9780444520050"
9780444520043,"Stroke Part II: Clinical Manifestations and Pathogenesis",2008,"0072-9752","Handbook of Clinical Neurology","Elsevier","Fisher, Marc","http://www.sciencedirect.com/science/book/9780444520043"
9780123744845,"Handbook of Toxicology of Chemical Warfare Agents",2009,,,"Academic Press","Gupta, Ramesh","http://www.sciencedirect.com/science/book/9780123744845"
9780444532428,"Developing Solid Oral Dosage Forms",2009,,,"Academic Press","Qiu, Yihong","http://www.sciencedirect.com/science/book/9780444532428"
9780123743671,"Hayes' Handbook of Pesticide Toxicology (Third Edition)",2010,,,"Academic Press","Krieger, Robert","http://www.sciencedirect.com/science/book/9780123743671"
9780123704696,"Fundamentals of Toxicologic Pathology (Second Edition)",2009,,,"Academic Press","Haschek, Wanda","http://www.sciencedirect.com/science/book/9780123704696"
9780123738615,"Animal and Translational Models for CNS Drug Discovery",2008,,,"Academic Press","McArthur, Robert","http://www.sciencedirect.com/science/book/9780123738615"
9780123695215,"Pharmacology",2009,,,"Academic Press","Hacker, Miles","http://www.sciencedirect.com/science/book/9780123695215"
9780123735935,"Information Resources in Toxicology (Fourth Edition)",2009,,,"Academic Press","Hakkinen, P.J.","http://www.sciencedirect.com/science/book/9780123735935"
9780444533579,"-- No Book Title available --",2009,"1872-0854","Advances in Molecular Toxicology","Elsevier Science","Fishbein, James C.","http://www.sciencedirect.com/science/book/9780444533579"
9780444512406,"Metallic Nanoparticles",2008,"1570-002X","Handbook of Metal Physics","Elsevier Science","Blackman, John","http://www.sciencedirect.com/science/book/9780444512406"
9780444520562,"Dynamics",2008,"1573-4331","Handbook of Surface Science","Elsevier Science","Hasselbrink, Eckart","http://www.sciencedirect.com/science/book/9780444520562"
9780123740212,"Radiometric Temperature Measurements: I. Fundamentals",2009,"1079-4042","Experimental Methods in the Physical Sciences","Academic Press","Zhang, Zhuomin","http://www.sciencedirect.com/science/book/9780123740212"
9780444532091,"Radar Imaging of the Ocean Waves",2009,,,"Elsevier Science","Kanevsky, Mikhail","http://www.sciencedirect.com/science/book/9780444532091"
9780080548104,"Progress in Low TEMPERATURE PHYSICS: QUANTUM TURBULENCE",2009,"0079-6417","Progress in Low Temperature Physics","Elsevier Science","Tsubota, Makoto","http://www.sciencedirect.com/science/book/9780080548104"
9780123746351,"Juvenile Osteology",2009,,,"Academic Press","Scheuer, Louise","http://www.sciencedirect.com/science/book/9780123746351"
9780123748515,"Therapist's Guide to Posttraumatic Stress Disorder Intervention",2009,"1873-0450","Practical Resources for the Mental Health Professional","Academic Press","Johnson, Sharon","http://www.sciencedirect.com/science/book/9780123748515"
9780123745125,"Quantitative EEG, Event-Related Potentials and Neurotherapy",2009,,,"Academic Press","Kropotov, Juri","http://www.sciencedirect.com/science/book/9780123745125"
9780123745231,"Evidence-Based Practice with Emotionally Troubled Children and Adolescents",2009,"1873-0450","Practical Resources for the Mental Health Professional","Academic Press","Glicken, Morley","http://www.sciencedirect.com/science/book/9780123745231"
9780123745347,"Introduction to Quantitative EEG and Neurofeedback (Second Edition)",2009,,,"Academic Press","Budzynski, Thomas","http://www.sciencedirect.com/science/book/9780123745347"
9780123744623,"Posttraumatic Stress Disorder",2009,,,"Academic Press","Ford, Julian","http://www.sciencedirect.com/science/book/9780123744623"
9780123745170,"Therapist's Guide to Positive Psychological Interventions",2009,"1873-0450","Practical Resources for the Mental Health Professional","Academic Press","Magyar-Moe, Jeana","http://www.sciencedirect.com/science/book/9780123745170"
9780080450780,"Risk Factors in Depression",2008,,,"Academic Press","Dobson, Keith","http://www.sciencedirect.com/science/book/9780080450780"
9780080466163,"Handbook of Cognitive Science",2009,"1556-4495","Perspectives on Cognitive Science","Elsevier Science","Calvo, Paco","http://www.sciencedirect.com/science/book/9780080466163"
9781843342700,"The Transformation of Human Resource Management and Industrial Relations in Vietnam",2009,,,"Chandos Publishing","Vo, Anne","http://www.sciencedirect.com/science/book/9781843342700"
9781843344650,"Taking Charge of Your Career",2009,,"Chandos Asian Studies Series","Chandos Publishing","Ptolomey, Joanna","http://www.sciencedirect.com/science/book/9781843344650"
9781843343325,"The Chinese Consumer Market",2009,,"Chandos Information Professional Series","Chandos Publishing","Tang, Lei","http://www.sciencedirect.com/science/book/9781843343325"
9781843343332,"Content Licensing",2009,,"Chandos Asian Studies Series","Chandos Publishing","Upshall, Michael","http://www.sciencedirect.com/science/book/9781843343332"
9781843345343,"User-Generated Content and its Impact On Web-Based Library Services",2009,,"Chandos Information Professional Series","Chandos Publishing","Cahill, Kay","http://www.sciencedirect.com/science/book/9781843345343"
9781843345473,"Wto Accession and Socio-Economic Development in China",2009,,"Chandos Information Professional Series","Chandos Publishing","Basu, Parikshit","http://www.sciencedirect.com/science/book/9781843345473"
9781843345503,"Guerilla Capitalism",2009,,"Chandos Asian Studies Series","Chandos Publishing","Nguyen, Lan","http://www.sciencedirect.com/science/book/9781843345503"
9781843343202,"Emerging Technologies for Academic Libraries in the Digital Age",2009,,"Chandos Asian Studies Series","Chandos Publishing","Li, LiLi","http://www.sciencedirect.com/science/book/9781843343202"
9781843343783,"Librarians of Babel",2009,,"Chandos Information Professional Series","Chandos Publishing","de Castro, Paola","http://www.sciencedirect.com/science/book/9781843343783"
9781843344728,"South Korea",2009,,"Chandos Information Professional Series","Chandos Publishing","Kim, Young-Chan","http://www.sciencedirect.com/science/book/9781843344728"
9781843345626,"Virtual Research Environments",2009,,"Chandos Asian Studies Series","Chandos Publishing","Allan, Robert","http://www.sciencedirect.com/science/book/9781843345626"
9781843344520,"The Internet, Power and Society",2009,,"Chandos Information Professional Series","Chandos Publishing","Leaning, Marcus","http://www.sciencedirect.com/science/book/9781843344520"
9781843344162,"The Future of the Academic Journal",2009,,"Chandos Information Professional Series","Chandos Publishing","Cope, Bill","http://www.sciencedirect.com/science/book/9781843344162"
9781843345114,"Library Web Ecology",2009,,,"Chandos Publishing","Erdman, Jacquelyn","http://www.sciencedirect.com/science/book/9781843345114"
9781843344438,"More Than a Thank You Note",2009,,"Chandos Information Professional Series","Chandos Publishing","Thompson, Kimberly","http://www.sciencedirect.com/science/book/9781843344438"
9781843343639,"Strategic Marketing Decision-Making within Japanese and South Korean Companies",2009,,"Chandos Information Professional Series","Chandos Publishing","Lee, Yang-Im","http://www.sciencedirect.com/science/book/9781843343639"
9781843345756,"Post-Acquisition Management in China",2009,,"Chandos Asian Studies Series","Chandos Publishing","He, Yi","http://www.sciencedirect.com/science/book/9781843345756"
9781843344971,"Building Library 3.0",2009,,"Chandos Asian Studies Series","Chandos Publishing","Evans, Woody","http://www.sciencedirect.com/science/book/9781843344971"
9781843344995,"Understanding the Internet",2009,,"Chandos Information Professional Series","Chandos Publishing","Curran, Kevin","http://www.sciencedirect.com/science/book/9781843344995"
9781843344032,"Digital Library Economics",2009,,"Chandos Information Professional Series","Chandos Publishing","Baker, David","http://www.sciencedirect.com/science/book/9781843344032"
9781843344384,"China-Asean Relations and International Law",2009,,"Chandos Information Professional Series","Chandos Publishing","Keyuan, Zou","http://www.sciencedirect.com/science/book/9781843344384"
9781843344414,"Teaching Information Literacy for Inquiry-Based Learning",2009,,"Chandos Asian Studies Series","Chandos Publishing","Hepworth, Mark","http://www.sciencedirect.com/science/book/9781843344414"
9781843344841,"Evaluation of Digital Libraries",2009,,"Chandos Information Professional Series","Chandos Publishing","Tsakonas, Giannis","http://www.sciencedirect.com/science/book/9781843344841"
9781843344773,"Surviving the Future",2009,,"Chandos Information Professional Series","Chandos Publishing","Munde, Gail","http://www.sciencedirect.com/science/book/9781843344773"
9781843344827,"Cruise to Success",2009,,"Chandos Information Professional Series","Chandos Publishing","Phillips, Loreen","http://www.sciencedirect.com/science/book/9781843344827"
9781843344865,"Keeping the User in Mind",2009,,"Chandos Information Professional Series","Chandos Publishing","Goodman, Valeda Dent","http://www.sciencedirect.com/science/book/9781843344865"
9781843344889,"Scholarly Communication for Librarians",2009,,"Chandos Information Professional Series","Chandos Publishing","Morrison, Heather","http://www.sciencedirect.com/science/book/9781843344889"
9781843344933,"Method in the Madness",2009,,"Chandos Information Professional Series","Chandos Publishing","Townsend, Keith","http://www.sciencedirect.com/science/book/9781843344933"
9781843345244,"The Internet and Higher Education",2009,,,"Chandos Publishing","Rovai, Alfred","http://www.sciencedirect.com/science/book/9781843345244"
9781843343523,"Implementation of Changes in Chinese Organizations",2009,,"Chandos Learning and Teaching Series","Chandos Publishing","Alas, Ruth","http://www.sciencedirect.com/science/book/9781843343523"
9781843344278,"Managing Change and People in Libraries",2009,,"Chandos Asian Studies Series","Chandos Publishing","Massey, Tinker","http://www.sciencedirect.com/science/book/9781843344278"
9781843344292,"Don't Just Do Something, Sit there",2009,,"Chandos Information Professional Series","Chandos Publishing","Thomson, Bob","http://www.sciencedirect.com/science/book/9781843344292"
9781843343721,"Library and Information Science Research in the 21st Century",2009,,,"Chandos Publishing","Lawal, Ibironke","http://www.sciencedirect.com/science/book/9781843343721"
9781843344490,"Information Obesity",2009,,"Chandos Information Professional Series","Chandos Publishing","Whitworth, Andrew","http://www.sciencedirect.com/science/book/9781843344490"
9780123695178,"Planning and Designing Research Animal Facilities",2009,,,"Academic Press","Hessler, Jack","http://www.sciencedirect.com/science/book/9780123695178"
9780123749987,"Serial Crime (Second Edition)",2009,,,"Academic Press","Petherick, Wayne","http://www.sciencedirect.com/science/book/9780123749987"
9780123735829,"Forensic Comparative Science",2009,,,"Academic Press","Vanderkolk, John","http://www.sciencedirect.com/science/book/9780123735829"
9781416031345,"A Practice of Anesthesia for Infants and Children (Fourth Edition)",2009,,,"W.B. Saunders","Coté","http://www.sciencedirect.com/science/book/9781416031345"
9780323057110,"Abernathy's Surgical Secrets (Sixth Edition)",2009,,,"Mosby","Harken","http://www.sciencedirect.com/science/book/9780323057110"
9781416047223,"Arthritis in Color",2009,,,"W.B. Saunders","Bruno","http://www.sciencedirect.com/science/book/9781416047223"
9781416040804,"Atlas of Abdominoplasty",2009,,,"W.B. Saunders","Hunstad","http://www.sciencedirect.com/science/book/9781416040804"
9781416031840,"Atlas of Aesthetic Breast Surgery",2009,,,"W.B. Saunders","Hammond","http://www.sciencedirect.com/science/book/9781416031840"
9780323052962,"Atlas of Fetal and Postnatal Brain MR",2010,,,"Mosby","Griffiths","http://www.sciencedirect.com/science/book/9780323052962"
9780323041126,"Augmentation Mammaplasty",2010,,,"Mosby","Tebbetts","http://www.sciencedirect.com/science/book/9780323041126"
9781416054535,"Autopsy Pathology (Second Edition)",2009,,,"W.B. Saunders","Finkbeiner","http://www.sciencedirect.com/science/book/9781416054535"
9780323023948,"Becker-Shaffer's Diagnosis and Therapy of the Glaucomas (Eighth Edition)",2009,,,"Mosby","Stamper","http://www.sciencedirect.com/science/book/9780323023948"
9780443066887,"Bone and Soft Tissue Pathology",2010,,,"Churchill Livingstone","Folpe","http://www.sciencedirect.com/science/book/9780443066887"
9781416049289,"Botulinum Toxin",2009,,,"W.B. Saunders","Jankovic","http://www.sciencedirect.com/science/book/9781416049289"
9781416047216,"Caplan's Stroke (Fourth Edition)",2009,,,"W.B. Saunders","Caplan","http://www.sciencedirect.com/science/book/9781416047216"
9780323045254,"Cardiology Secrets (Third Edition)",2010,,,"Mosby","Levine","http://www.sciencedirect.com/science/book/9780323045254"
9780702034817,"CDC Health Information for International Travel 2010",2009,,,"Mosby","Brunette","http://www.sciencedirect.com/science/book/9780702034817"
9780443069017,"Cell and Tissue Based Molecular Pathology",2009,,,"Churchill Livingstone","Tubbs","http://www.sciencedirect.com/science/book/9780443069017"
9781416029083,"Cerebrospinal Fluid in Clinical Practice",2009,,,"W.B. Saunders","Irani","http://www.sciencedirect.com/science/book/9781416029083"
9781416059981,"Clinical Arrhythmology and Electrophysiology",2009,,,"W.B. Saunders","Issa","http://www.sciencedirect.com/science/book/9781416059981"
9781416054696,"Clinical Lipidology",2009,,,"W.B. Saunders","Ballantyne","http://www.sciencedirect.com/science/book/9781416054696"
9781416047452,"Clinical Management of Thyroid Disease",2009,,,"W.B. Saunders","Wondisford","http://www.sciencedirect.com/science/book/9781416047452"
9781416056805,"Clinical Mycology (Second Edition)",2009,,,"Churchill Livingstone","Anaissie","http://www.sciencedirect.com/science/book/9781416056805"
9780323052603,"Clinical Neurotoxicology",2009,,,"W.B. Saunders","Dobbs","http://www.sciencedirect.com/science/book/9780323052603"
9781416046738,"Clinical Ocular Toxicology",2008,,,"W.B. Saunders","Fraunfelder","http://www.sciencedirect.com/science/book/9781416046738"
9781416061854,"Clinical Pediatric Neurology (Sixth Edition)",2009,,,"W.B. Saunders","Fenichel","http://www.sciencedirect.com/science/book/9781416061854"
9781416042204,"Complications in Head and Neck Surgery (Second Edition)",2009,,,"Mosby","Eisele","http://www.sciencedirect.com/science/book/9781416042204"
9781416042082,"Comprehensive Cytopathology (Third Edition)",2008,,,"W.B. Saunders","Bibbo","http://www.sciencedirect.com/science/book/9781416042082"
9780323057264,"Comprehensive Vascular and Endovascular Surgery (Second Edition)",2009,,,"Mosby","Hallett","http://www.sciencedirect.com/science/book/9780323057264"
9781416061687,"CT Colonography: Principles and Practice of Virtual Colonoscopy",2009,,,"W.B. Saunders","Pickhardt","http://www.sciencedirect.com/science/book/9781416061687"
9781416048367,"Current Therapy in Pain",2009,,,"W.B. Saunders","Smith","http://www.sciencedirect.com/science/book/9781416048367"
9781416053293,"Cytology (Third Edition)",2009,,,"W.B. Saunders","Cibas","http://www.sciencedirect.com/science/book/9781416053293"
9780323041072,"Decision Making in Medicine (Third Edition)",2010,,,"Mosby","Mushlin","http://www.sciencedirect.com/science/book/9780323041072"
9781416033707,"Developmental-Behavioral Pediatrics (Fourth Edition)",2009,,,"W.B. Saunders","Carey","http://www.sciencedirect.com/science/book/9781416033707"
9781416026129,"Diagnostic Problems in Breast Pathology",2009,,,"W.B. Saunders","Koerner","http://www.sciencedirect.com/science/book/9781416026129"
9781416025894,"Diagnostic Surgical Pathology of the Head and Neck (Second Edition)",2009,,,"W.B. Saunders","Gnepp","http://www.sciencedirect.com/science/book/9781416025894"
9781416045809,"Differential Diagnosis in Surgical Pathology (Second Edition)",2010,,,"W.B. Saunders","Gattuso","http://www.sciencedirect.com/science/book/9781416045809"
9780323058858,"Endocrine Secrets (Fifth Edition)",2009,,,"Mosby","McDermott","http://www.sciencedirect.com/science/book/9780323058858"
9780323037587,"Essentials of Breast Surgery",2009,,,"Mosby","Sabel","http://www.sciencedirect.com/science/book/9780323037587"
9781416044444,"Evidence-Based Orthopaedics",2009,,,"W.B. Saunders","Wright","http://www.sciencedirect.com/science/book/9781416044444"
9780721605197,"Flaps and Reconstructive Surgery",2009,,,"W.B. Saunders","Wei","http://www.sciencedirect.com/science/book/9780721605197"
9781416040835,"Fractures and Injuries of the Distal Radius and Carpus",2009,,,"W.B. Saunders","Slutsky","http://www.sciencedirect.com/science/book/9781416040835"
9780443069208,"Gynecologic Pathology",2009,,,"Churchill Livingstone","Nucci","http://www.sciencedirect.com/science/book/9780443069208"
9780443101472,"Hematopoietic Stem Cell Transplantation in Clinical Practice",2009,,,"Churchill Livingstone","Treleaven","http://www.sciencedirect.com/science/book/9780443101472"
9780702027741,"Hughes, Mansel & Webster's Benign Disorders and Diseases of the Breast (Third Edition)",2009,,,"W.B. Saunders","Mansel","http://www.sciencedirect.com/science/book/9780702027741"
9780323041010,"Hysteroscopy",2009,,,"Mosby","Bradley","http://www.sciencedirect.com/science/book/9780323041010"
9780323041775,"Imaging of Arthritis and Metabolic Bone Disease",2009,,,"W.B. Saunders","Weissman","http://www.sciencedirect.com/science/book/9780323041775"
9781416039938,"Medical Management of the Thoracic Surgery Patient",2010,,,"W.B. Saunders","Lewis","http://www.sciencedirect.com/science/book/9781416039938"
9781416039662,"Modern Surgical Pathology (Second Edition)",2009,,,"W.B. Saunders","Weidner","http://www.sciencedirect.com/science/book/9781416039662"
9780444529091,"Motor Unit Number Estimation (MUNE) and Quantitative EMG",2009,"1567-424X","Supplements to Clinical Neurophysiology","Elsevier","Bromberg","http://www.sciencedirect.com/science/book/9780444529091"
9781416066415,"MOVEMENT DISORDERS 4",2010,"1877-184X","Blue Books of Neurology","W.B. Saunders","Schapira","http://www.sciencedirect.com/science/book/9781416066415"
9781416060680,"MULTIPLE SCLEROSIS 3",2010,"1877-184X","Blue Books of Neurology","W.B. Saunders","Lucchinetti","http://www.sciencedirect.com/science/book/9781416060680"
9780702030086,"Nasal Reconstruction",2009,,,"W.B. Saunders","Menick","http://www.sciencedirect.com/science/book/9780702030086"
9780702031816,"Oncoplastic Surgery of the Breast",2009,,,"W.B. Saunders","Nahabedian","http://www.sciencedirect.com/science/book/9780702031816"
9780323054713,"Orthopaedic Pathology (Fifth Edition)",2010,,,"Mosby","Bullough","http://www.sciencedirect.com/science/book/9780323054713"
9781416046653,"Otologic Surgery (Third Edition)",2010,,,"W.B. Saunders","Brackmann","http://www.sciencedirect.com/science/book/9781416046653"
9780702030642,"Paediatric Cardiology (Third Edition)",2009,,,"Churchill Livingstone","Anderson","http://www.sciencedirect.com/science/book/9780702030642"
9780323040198,"Pain Management Secrets (Third Edition)",2009,,,"Mosby","Argoff","http://www.sciencedirect.com/science/book/9780323040198"
9781416058939,"Pain Review",2009,,,"W.B. Saunders","Waldman","http://www.sciencedirect.com/science/book/9781416058939"
9780323052269,"Parkland Trauma Handbook (Third Edition)",2009,,,"Mosby","Eastman","http://www.sciencedirect.com/science/book/9780323052269"
9780323055949,"Pathology Secrets (Third Edition)",2009,,,"Mosby","Damjanov","http://www.sciencedirect.com/science/book/9780323055949"
9781416032045,"Pediatric Urology",2010,,,"W.B. Saunders","Gearhart","http://www.sciencedirect.com/science/book/9781416032045"
9780750654104,"Practical Guide to Neurogenetics",2009,,,"W.B. Saunders","Warner","http://www.sciencedirect.com/science/book/9780750654104"
9781416030317,"Pulmonary Manifestations of Pediatric Diseases",2009,,,"W.B. Saunders","Turcios","http://www.sciencedirect.com/science/book/9781416030317"
9780750675185,"Restless Legs Syndrome",2009,,,"W.B. Saunders","Hening","http://www.sciencedirect.com/science/book/9780750675185"
9780323054751,"Rheumatoid Arthritis",2009,,,"Mosby","Hochberg","http://www.sciencedirect.com/science/book/9780323054751"
9781416038573,"Shoulder Arthroplasty",2008,,,"W.B. Saunders","Gartsman","http://www.sciencedirect.com/science/book/9781416038573"
9781416046493,"Shoulder Arthroscopy (Second Edition)",2009,,,"W.B. Saunders","Gartsman","http://www.sciencedirect.com/science/book/9781416046493"
9781416031123,"Sleep Apnea and Snoring",2009,,,"W.B. Saunders","Friedman","http://www.sciencedirect.com/science/book/9781416031123"
9780750675840,"Sleep Disorders Medicine (Third Edition)",2009,,,"W.B. Saunders","Chokroverty","http://www.sciencedirect.com/science/book/9780750675840"
9780750674188,"Stroke in Children and Young Adults (Second Edition)",2009,,,"W.B. Saunders","Biller","http://www.sciencedirect.com/science/book/9780750674188"
9781416033721,"Surgical Management of Spinal Deformities",2009,,,"W.B. Saunders","Errico","http://www.sciencedirect.com/science/book/9781416033721"
9781416040590,"Surgical Pathology of the GI Tract, Liver, Biliary Tract, and Pancreas (Second Edition)",2009,,,"W.B. Saunders","Odze","http://www.sciencedirect.com/science/book/9781416040590"
9781416029519,"Surgical Pitfalls",2009,,,"W.B. Saunders","Evans","http://www.sciencedirect.com/science/book/9781416029519"
9781416058984,"Surgical Treatment of Hip Arthritis",2010,,,"W.B. Saunders","Hozack","http://www.sciencedirect.com/science/book/9781416058984"
9781416099932,"Targeted Treatment of the Rheumatic Diseases",2010,,,"W.B. Saunders","Weisman","http://www.sciencedirect.com/science/book/9781416099932"
9780443067013,"The Athlete's Shoulder (Second Edition)",2009,,,"Churchill Livingstone","Wilk","http://www.sciencedirect.com/science/book/9780443067013"
9781416061717,"THE EPILEPSIES 3",2009,"1877-184X","Blue Books of Neurology","W.B. Saunders","Shorvon","http://www.sciencedirect.com/science/book/9781416061717"
9781416039884,"Tuberculosis",2009,,,"W.B. Saunders","Schaaf","http://www.sciencedirect.com/science/book/9781416039884"
9780444518293,"Ultrasound in Obstetrics and Gynaecology",2009,,,"Elsevier","Wladimiroff","http://www.sciencedirect.com/science/book/9780444518293"
9780444529121,"Vertigo and Imbalance: Clinical Neurophysiologyof the Vestibular System",2010,"1567-4231","Handbook of Clinical Neurophysiology","Elsevier","Eggers","http://www.sciencedirect.com/science/book/9780444529121"
9781416049074,"Yen & Jaffe's Reproductive Endocrinology (Sixth Edition)",2009,,,"W.B. Saunders","Strauss","http://www.sciencedirect.com/science/book/9781416049074"
9780443067167,"100 Challenging Spinal Pain Syndrome Cases (Second Edition)",2009,,,"Churchill Livingstone","Giles","http://www.sciencedirect.com/science/book/9780443067167"
9780443100949,"A Materia Medica for Chinese Medicine",2009,,,"Churchill Livingstone","Hempen","http://www.sciencedirect.com/science/book/9780443100949"
9780443068140,"A Myofascial Approach to Thai Massage",2009,,,"Churchill Livingstone","Evans","http://www.sciencedirect.com/science/book/9780443068140"
9780443068676,"Acupuncture",2009,,,"Churchill Livingstone","Dowie","http://www.sciencedirect.com/science/book/9780443068676"
9780443071775,"An Introduction to Western Medical Acupuncture",2008,,,"Churchill Livingstone","White","http://www.sciencedirect.com/science/book/9780443071775"
9780443067389,"An Osteopathic Approach to Children (Second Edition)",2009,,,"Churchill Livingstone","Carreiro","http://www.sciencedirect.com/science/book/9780443067389"
9780443068850,"Auricular Acupuncture & Addiction",2009,,,"Churchill Livingstone","Wager","http://www.sciencedirect.com/science/book/9780443068850"
9780443068669,"Auricular Acupuncture Diagnosis",2010,,,"Churchill Livingstone","Romoli","http://www.sciencedirect.com/science/book/9780443068669"
9780443072772,"Botanical Medicine for Women's Health",2010,,,"Churchill Livingstone","Romm","http://www.sciencedirect.com/science/book/9780443072772"
9780443069161,"Clinical Case Studies in Physiotherapy",2009,,,"Churchill Livingstone","Guthrie","http://www.sciencedirect.com/science/book/9780443069161"
9780323046213,"Cognitive and Perceptual Rehabilitation",2009,,,"Mosby","Gillen","http://www.sciencedirect.com/science/book/9780323046213"
9780443069543,"Cosmetic Acupuncture",2009,,,"Churchill Livingstone","Thambirajah","http://www.sciencedirect.com/science/book/9780443069543"
9780443104039,"Essential Chemistry for Aromatherapy (Second Edition)",2008,,,"Churchill Livingstone","Clarke","http://www.sciencedirect.com/science/book/9780443104039"
9780443069369,"Fibromyalgia Syndrome (Third Edition)",2010,,,"Churchill Livingstone","Chaitow","http://www.sciencedirect.com/science/book/9780443069369"
9780750688109,"Finnie's Handling the Young Child with Cerebral Palsy at Home (Fourth Edition)",2009,,,"Butterworth-Heinemann","Bower","http://www.sciencedirect.com/science/book/9780750688109"
9780443103100,"Headache, Orofacial Pain and Bruxism",2009,,,"Churchill Livingstone","Selvaratnam","http://www.sciencedirect.com/science/book/9780443103100"
9780723434825,"An Illustrated Guide to Taping Techniques (Second Edition)",2010,,,"Mosby","Hewetson","http://www.sciencedirect.com/science/book/9780723434825"
9781416022992,"Integrative Medicine for Children",2009,,,"W.B. Saunders","Loo","http://www.sciencedirect.com/science/book/9781416022992"
9780702030567,"Manipulative Therapy",2010,,,"Churchill Livingstone","Lewit","http://www.sciencedirect.com/science/book/9780702030567"
9781416047490,"Manual Physical Therapy of the Spine",2009,,,"W.B. Saunders","Olson","http://www.sciencedirect.com/science/book/9781416047490"
9780702031007,"Manual Therapy for the Cranial Nerves",2009,,,"Churchill Livingstone","Barral","http://www.sciencedirect.com/science/book/9780702031007"
9780443067327,"Micro-Acupuncture in Practice",2009,,,"Churchill Livingstone","Wang","http://www.sciencedirect.com/science/book/9780443067327"
9780443102998,"Occupational Therapy for People with Learning Disabilities",2009,,,"Churchill Livingstone","Goodman","http://www.sciencedirect.com/science/book/9780443102998"
9780443068126,"Orthopedic Massage (Second Edition)",2009,,,"Mosby","Lowe","http://www.sciencedirect.com/science/book/9780443068126"
9780443103087,"Pediatric Manual Medicine",2009,,,"Churchill Livingstone","Carreiro","http://www.sciencedirect.com/science/book/9780443103087"
9780443068980,"Pharmacology",2009,,,"Churchill Livingstone","Aldred","http://www.sciencedirect.com/science/book/9780443068980"
9780443068546,"Pocketbook of Neurological Physiotherapy",2009,,,"Churchill Livingstone","Lennon","http://www.sciencedirect.com/science/book/9780443068546"
9780702030277,"Pocketbook of Taping Techniques",2010,,,"Churchill Livingstone","Macdonald","http://www.sciencedirect.com/science/book/9780702030277"
9780323036689,"Promoting Legal and Ethical Awareness",2009,,,"Mosby","Scott","http://www.sciencedirect.com/science/book/9780323036689"
9780443069147,"Red Flags II",2010,,,"Churchill Livingstone","Greenhalgh","http://www.sciencedirect.com/science/book/9780443069147"
9780702030031,"Respiratory Physiotherapy (Second Edition)",2009,,,"Churchill Livingstone","Harden","http://www.sciencedirect.com/science/book/9780702030031"
9780323006996,"Spinal Cord Injuries: Management and Rehabilitation",2009,,,"Mosby","Sisto","http://www.sciencedirect.com/science/book/9780323006996"
9780750656474,"Teaching Pilates for Postural Faults, Illness & Injury",2009,,,"Butterworth-Heinemann","Paterson","http://www.sciencedirect.com/science/book/9780750656474"
9780702029615,"The Complete Stems and Branches",2008,,,"Churchill Livingstone","Golding","http://www.sciencedirect.com/science/book/9780702029615"
9780443069550,"The Energetics of Health",2009,,,"Churchill Livingstone","Lloyd","http://www.sciencedirect.com/science/book/9780443069550"
9780443102691,"The Physiotherapist's Pocket Guide to Exercise",2009,,,"Churchill Livingstone","Glynn","http://www.sciencedirect.com/science/book/9780443102691"
9780702030321,"The Pocket Podiatry Guide: Functional Anatomy",2009,,,"Churchill Livingstone","Watkins","http://www.sciencedirect.com/science/book/9780702030321"
9780443068836,"Therapeutic Footwear",2009,,,"Churchill Livingstone","Tyrrell","http://www.sciencedirect.com/science/book/9780443068836"
9780443103995,"Wellbeing in Dementia (Second Edition)",2008,,,"Churchill Livingstone","Perrin","http://www.sciencedirect.com/science/book/9780443103995"
9781416033868,"Atlas of Dental Radiography in Dogs and Cats",2009,,,"W.B. Saunders","DuPont","http://www.sciencedirect.com/science/book/9781416033868"
9781416049852,"Canine and Feline Cytology (Second Edition)",2010,,,"W.B. Saunders","Raskin","http://www.sciencedirect.com/science/book/9781416049852"
9781416054191,"Canine Behavior (Second Edition)",2009,,,"W.B. Saunders","Beaver","http://www.sciencedirect.com/science/book/9781416054191"
9781416023265,"Equine Anesthesia (Second Edition)",2009,,,"W.B. Saunders","Muir","http://www.sciencedirect.com/science/book/9781416023265"
9781416052340,"Equine Breeding Management and Artificial Insemination (Second Edition)",2009,,,"W.B. Saunders","Samper","http://www.sciencedirect.com/science/book/9781416052340"
9780702029868,"Feline Orthopedic Surgery and Musculoskeletal Disease",2009,,,"W.B. Saunders","Montavon","http://www.sciencedirect.com/science/book/9780702029868"
9781416035916,"Food Animal Practice (Fifth Edition)",2009,,,"W.B. Saunders","Anderson","http://www.sciencedirect.com/science/book/9781416035916"
9780702028748,"Handbook of Avian Medicine (Second Edition)",2009,,,"W.B. Saunders","Tully","http://www.sciencedirect.com/science/book/9780702028748"
9780702028632,"Handbook of Equine Radiography",2009,,,"W.B. Saunders","Weaver","http://www.sciencedirect.com/science/book/9780702028632"
9780323046794,"Handbook of Veterinary Pain Management (Second Edition)",2009,,,"Mosby","Gaynor","http://www.sciencedirect.com/science/book/9780323046794"
9781416001195,"Manual of Exotic Pet Practice",2009,,,"W.B. Saunders","Mitchell","http://www.sciencedirect.com/science/book/9781416001195"
9780702029684,"Medical History and Physical Examination in Companion Animals (Second Edition)",2009,,,"W.B. Saunders","Rijnberk","http://www.sciencedirect.com/science/book/9780702029684"
9780721606354,"Radiology of Birds",2010,,,"W.B. Saunders","Silverman","http://www.sciencedirect.com/science/book/9780721606354"
9781416025917,"Small Animal Critical Care Medicine",2009,,,"W.B. Saunders","Silverstein","http://www.sciencedirect.com/science/book/9781416025917"
9780702028007,"Small Animal Oncology",2009,,,"W.B. Saunders","North","http://www.sciencedirect.com/science/book/9780702028007"
9780702028618,"Small Animal Ophthalmology (Fourth Edition)",2009,,,"W.B. Saunders","Peiffer","http://www.sciencedirect.com/science/book/9780702028618"
9780323025270,"Veterinary Diagnostic Imaging: Birds, Exotic Pets and Wildlife",2009,,,"Mosby","Farrow","http://www.sciencedirect.com/science/book/9780323025270"
9780721667065,"Veterinary Neuroanatomy and Clinical Neurology (Third Edition)",2009,,,"W.B. Saunders","de Lahunta","http://www.sciencedirect.com/science/book/9780721667065"
